TransactionID,UserID,AmountPaid,TransactionDate,Status
TX_user_0001_0,user_0001,79.0,2025-04-13,Active
TX_user_0001_1,user_0001,79.0,2025-05-13,Active
TX_user_0001_2,user_0001,79.0,2025-06-12,Active
TX_user_0001_3,user_0001,79.0,2025-07-12,Active
TX_user_0001_4,user_0001,79.0,2025-08-11,Active
TX_user_0001_5,user_0001,79.0,2025-09-10,Active
TX_user_0001_6,user_0001,79.0,2025-10-10,Active
TX_user_0001_7,user_0001,79.0,2025-11-09,Active
TX_user_0001_8,user_0001,79.0,2025-12-09,Active
TX_user_0002_0,user_0002,29.0,2025-12-15,Active
TX_user_0003_0,user_0003,29.0,2025-09-28,Active
TX_user_0003_1,user_0003,29.0,2025-10-28,Active
TX_user_0003_2,user_0003,29.0,2025-11-27,Active
TX_user_0003_3,user_0003,29.0,2025-12-27,Active
TX_user_0004_0,user_0004,29.0,2025-04-17,Active
TX_user_0004_1,user_0004,29.0,2025-05-17,Active
TX_user_0004_2,user_0004,29.0,2025-06-16,Active
TX_user_0004_3,user_0004,29.0,2025-07-16,Active
TX_user_0004_4,user_0004,29.0,2025-08-15,Active
TX_user_0004_5,user_0004,29.0,2025-09-14,Active
TX_user_0004_6,user_0004,29.0,2025-10-14,Active
TX_user_0004_7,user_0004,29.0,2025-11-13,Active
TX_user_0004_8,user_0004,29.0,2025-12-13,Active
TX_user_0005_0,user_0005,29.0,2025-03-13,Churned
TX_user_0006_0,user_0006,299.0,2025-07-08,Active
TX_user_0006_1,user_0006,299.0,2025-08-07,Active
TX_user_0006_2,user_0006,299.0,2025-09-06,Active
TX_user_0006_3,user_0006,299.0,2025-10-06,Active
TX_user_0006_4,user_0006,299.0,2025-11-05,Active
TX_user_0006_5,user_0006,299.0,2025-12-05,Active
TX_user_0007_0,user_0007,29.0,2025-01-21,Churned
TX_user_0008_0,user_0008,79.0,2025-04-13,Active
TX_user_0008_1,user_0008,79.0,2025-05-13,Active
TX_user_0008_2,user_0008,79.0,2025-06-12,Active
TX_user_0008_3,user_0008,79.0,2025-07-12,Active
TX_user_0008_4,user_0008,79.0,2025-08-11,Active
TX_user_0008_5,user_0008,79.0,2025-09-10,Active
TX_user_0008_6,user_0008,79.0,2025-10-10,Active
TX_user_0008_7,user_0008,79.0,2025-11-09,Active
TX_user_0008_8,user_0008,79.0,2025-12-09,Active
TX_user_0009_0,user_0009,29.0,2025-05-02,Active
TX_user_0009_1,user_0009,29.0,2025-06-01,Active
TX_user_0009_2,user_0009,29.0,2025-07-01,Active
TX_user_0009_3,user_0009,29.0,2025-07-31,Active
TX_user_0009_4,user_0009,29.0,2025-08-30,Active
TX_user_0009_5,user_0009,29.0,2025-09-29,Active
TX_user_0009_6,user_0009,29.0,2025-10-29,Active
TX_user_0009_7,user_0009,29.0,2025-11-28,Active
TX_user_0009_8,user_0009,29.0,2025-12-28,Active
TX_user_0010_0,user_0010,79.0,2025-08-03,Active
TX_user_0010_1,user_0010,79.0,2025-09-02,Active
TX_user_0010_2,user_0010,79.0,2025-10-02,Active
TX_user_0010_3,user_0010,79.0,2025-11-01,Active
TX_user_0010_4,user_0010,79.0,2025-12-01,Active
TX_user_0010_5,user_0010,79.0,2025-12-31,Active
TX_user_0011_0,user_0011,79.0,2025-11-27,Active
TX_user_0011_1,user_0011,79.0,2025-12-27,Active
TX_user_0012_0,user_0012,79.0,2025-03-29,Active
TX_user_0012_1,user_0012,79.0,2025-04-28,Active
TX_user_0012_2,user_0012,79.0,2025-05-28,Active
TX_user_0012_3,user_0012,79.0,2025-06-27,Active
TX_user_0012_4,user_0012,79.0,2025-07-27,Active
TX_user_0012_5,user_0012,79.0,2025-08-26,Active
TX_user_0012_6,user_0012,79.0,2025-09-25,Active
TX_user_0012_7,user_0012,79.0,2025-10-25,Active
TX_user_0012_8,user_0012,79.0,2025-11-24,Active
TX_user_0012_9,user_0012,79.0,2025-12-24,Active
TX_user_0013_0,user_0013,29.0,2025-04-10,Active
TX_user_0013_1,user_0013,29.0,2025-05-10,Active
TX_user_0013_2,user_0013,29.0,2025-06-09,Active
TX_user_0013_3,user_0013,29.0,2025-07-09,Active
TX_user_0013_4,user_0013,29.0,2025-08-08,Active
TX_user_0013_5,user_0013,29.0,2025-09-07,Active
TX_user_0013_6,user_0013,29.0,2025-10-07,Active
TX_user_0013_7,user_0013,29.0,2025-11-06,Active
TX_user_0013_8,user_0013,29.0,2025-12-06,Active
TX_user_0014_0,user_0014,29.0,2025-12-26,Active
TX_user_0015_0,user_0015,29.0,2025-06-01,Active
TX_user_0015_1,user_0015,29.0,2025-07-01,Active
TX_user_0015_2,user_0015,29.0,2025-07-31,Active
TX_user_0015_3,user_0015,29.0,2025-08-30,Active
TX_user_0015_4,user_0015,29.0,2025-09-29,Active
TX_user_0015_5,user_0015,29.0,2025-10-29,Active
TX_user_0015_6,user_0015,29.0,2025-11-28,Active
TX_user_0015_7,user_0015,29.0,2025-12-28,Active
TX_user_0016_0,user_0016,299.0,2025-05-11,Active
TX_user_0016_1,user_0016,299.0,2025-06-10,Active
TX_user_0016_2,user_0016,299.0,2025-07-10,Active
TX_user_0016_3,user_0016,299.0,2025-08-09,Active
TX_user_0016_4,user_0016,299.0,2025-09-08,Active
TX_user_0016_5,user_0016,299.0,2025-10-08,Active
TX_user_0016_6,user_0016,299.0,2025-11-07,Active
TX_user_0016_7,user_0016,299.0,2025-12-07,Active
TX_user_0017_0,user_0017,79.0,2025-05-30,Active
TX_user_0017_1,user_0017,79.0,2025-06-29,Active
TX_user_0017_2,user_0017,79.0,2025-07-29,Active
TX_user_0017_3,user_0017,79.0,2025-08-28,Active
TX_user_0017_4,user_0017,79.0,2025-09-27,Active
TX_user_0017_5,user_0017,79.0,2025-10-27,Active
TX_user_0017_6,user_0017,79.0,2025-11-26,Active
TX_user_0017_7,user_0017,79.0,2025-12-26,Active
TX_user_0018_0,user_0018,299.0,2025-11-05,Active
TX_user_0018_1,user_0018,299.0,2025-12-05,Active
TX_user_0019_0,user_0019,29.0,2025-09-15,Active
TX_user_0019_1,user_0019,29.0,2025-10-15,Active
TX_user_0019_2,user_0019,29.0,2025-11-14,Churned
TX_user_0020_0,user_0020,79.0,2025-12-10,Active
TX_user_0021_0,user_0021,299.0,2025-10-21,Active
TX_user_0021_1,user_0021,299.0,2025-11-20,Active
TX_user_0021_2,user_0021,299.0,2025-12-20,Active
TX_user_0022_0,user_0022,29.0,2025-07-11,Active
TX_user_0022_1,user_0022,29.0,2025-08-10,Active
TX_user_0022_2,user_0022,29.0,2025-09-09,Active
TX_user_0022_3,user_0022,29.0,2025-10-09,Active
TX_user_0022_4,user_0022,29.0,2025-11-08,Active
TX_user_0022_5,user_0022,29.0,2025-12-08,Active
TX_user_0023_0,user_0023,29.0,2025-10-04,Active
TX_user_0023_1,user_0023,29.0,2025-11-03,Active
TX_user_0023_2,user_0023,29.0,2025-12-03,Active
TX_user_0024_0,user_0024,79.0,2025-06-10,Active
TX_user_0024_1,user_0024,79.0,2025-07-10,Active
TX_user_0024_2,user_0024,79.0,2025-08-09,Active
TX_user_0024_3,user_0024,79.0,2025-09-08,Active
TX_user_0024_4,user_0024,79.0,2025-10-08,Active
TX_user_0024_5,user_0024,79.0,2025-11-07,Active
TX_user_0024_6,user_0024,79.0,2025-12-07,Active
TX_user_0025_0,user_0025,79.0,2025-11-10,Active
TX_user_0025_1,user_0025,79.0,2025-12-10,Active
TX_user_0026_0,user_0026,79.0,2025-01-22,Active
TX_user_0026_1,user_0026,79.0,2025-02-21,Active
TX_user_0026_2,user_0026,79.0,2025-03-23,Active
TX_user_0026_3,user_0026,79.0,2025-04-22,Active
TX_user_0026_4,user_0026,79.0,2025-05-22,Active
TX_user_0026_5,user_0026,79.0,2025-06-21,Active
TX_user_0026_6,user_0026,79.0,2025-07-21,Active
TX_user_0026_7,user_0026,79.0,2025-08-20,Churned
TX_user_0027_0,user_0027,29.0,2025-09-10,Active
TX_user_0027_1,user_0027,29.0,2025-10-10,Active
TX_user_0027_2,user_0027,29.0,2025-11-09,Active
TX_user_0027_3,user_0027,29.0,2025-12-09,Active
TX_user_0028_0,user_0028,79.0,2025-08-24,Active
TX_user_0028_1,user_0028,79.0,2025-09-23,Active
TX_user_0028_2,user_0028,79.0,2025-10-23,Active
TX_user_0028_3,user_0028,79.0,2025-11-22,Active
TX_user_0028_4,user_0028,79.0,2025-12-22,Active
TX_user_0029_0,user_0029,29.0,2025-12-11,Active
TX_user_0030_0,user_0030,29.0,2025-02-18,Active
TX_user_0030_1,user_0030,29.0,2025-03-20,Active
TX_user_0030_2,user_0030,29.0,2025-04-19,Active
TX_user_0030_3,user_0030,29.0,2025-05-19,Active
TX_user_0030_4,user_0030,29.0,2025-06-18,Active
TX_user_0030_5,user_0030,29.0,2025-07-18,Active
TX_user_0030_6,user_0030,29.0,2025-08-17,Active
TX_user_0030_7,user_0030,29.0,2025-09-16,Active
TX_user_0030_8,user_0030,29.0,2025-10-16,Active
TX_user_0030_9,user_0030,29.0,2025-11-15,Active
TX_user_0030_10,user_0030,29.0,2025-12-15,Active
TX_user_0031_0,user_0031,29.0,2025-02-28,Active
TX_user_0031_1,user_0031,29.0,2025-03-30,Active
TX_user_0031_2,user_0031,29.0,2025-04-29,Active
TX_user_0031_3,user_0031,29.0,2025-05-29,Active
TX_user_0031_4,user_0031,29.0,2025-06-28,Active
TX_user_0031_5,user_0031,29.0,2025-07-28,Active
TX_user_0031_6,user_0031,29.0,2025-08-27,Active
TX_user_0031_7,user_0031,29.0,2025-09-26,Active
TX_user_0031_8,user_0031,29.0,2025-10-26,Active
TX_user_0031_9,user_0031,29.0,2025-11-25,Active
TX_user_0031_10,user_0031,29.0,2025-12-25,Active
TX_user_0032_0,user_0032,79.0,2025-06-19,Active
TX_user_0032_1,user_0032,79.0,2025-07-19,Active
TX_user_0032_2,user_0032,79.0,2025-08-18,Active
TX_user_0032_3,user_0032,79.0,2025-09-17,Active
TX_user_0032_4,user_0032,79.0,2025-10-17,Active
TX_user_0032_5,user_0032,79.0,2025-11-16,Active
TX_user_0032_6,user_0032,79.0,2025-12-16,Active
TX_user_0033_0,user_0033,79.0,2025-07-07,Active
TX_user_0033_1,user_0033,79.0,2025-08-06,Active
TX_user_0033_2,user_0033,79.0,2025-09-05,Active
TX_user_0033_3,user_0033,79.0,2025-10-05,Active
TX_user_0033_4,user_0033,79.0,2025-11-04,Active
TX_user_0033_5,user_0033,79.0,2025-12-04,Active
TX_user_0034_0,user_0034,79.0,2025-09-28,Active
TX_user_0034_1,user_0034,79.0,2025-10-28,Active
TX_user_0034_2,user_0034,79.0,2025-11-27,Active
TX_user_0034_3,user_0034,79.0,2025-12-27,Active
TX_user_0035_0,user_0035,29.0,2025-07-09,Active
TX_user_0035_1,user_0035,29.0,2025-08-08,Active
TX_user_0035_2,user_0035,29.0,2025-09-07,Active
TX_user_0035_3,user_0035,29.0,2025-10-07,Active
TX_user_0035_4,user_0035,29.0,2025-11-06,Active
TX_user_0035_5,user_0035,29.0,2025-12-06,Active
TX_user_0036_0,user_0036,299.0,2025-06-24,Active
TX_user_0036_1,user_0036,299.0,2025-07-24,Active
TX_user_0036_2,user_0036,299.0,2025-08-23,Active
TX_user_0036_3,user_0036,299.0,2025-09-22,Active
TX_user_0036_4,user_0036,299.0,2025-10-22,Active
TX_user_0036_5,user_0036,299.0,2025-11-21,Active
TX_user_0036_6,user_0036,299.0,2025-12-21,Active
TX_user_0037_0,user_0037,29.0,2025-02-20,Active
TX_user_0037_1,user_0037,29.0,2025-03-22,Churned
TX_user_0038_0,user_0038,79.0,2025-12-30,Active
TX_user_0039_0,user_0039,29.0,2025-02-24,Active
TX_user_0039_1,user_0039,29.0,2025-03-26,Active
TX_user_0039_2,user_0039,29.0,2025-04-25,Active
TX_user_0039_3,user_0039,29.0,2025-05-25,Active
TX_user_0039_4,user_0039,29.0,2025-06-24,Active
TX_user_0039_5,user_0039,29.0,2025-07-24,Active
TX_user_0039_6,user_0039,29.0,2025-08-23,Active
TX_user_0039_7,user_0039,29.0,2025-09-22,Active
TX_user_0039_8,user_0039,29.0,2025-10-22,Active
TX_user_0039_9,user_0039,29.0,2025-11-21,Active
TX_user_0039_10,user_0039,29.0,2025-12-21,Active
TX_user_0040_0,user_0040,29.0,2025-09-01,Active
TX_user_0040_1,user_0040,29.0,2025-10-01,Active
TX_user_0040_2,user_0040,29.0,2025-10-31,Active
TX_user_0040_3,user_0040,29.0,2025-11-30,Active
TX_user_0040_4,user_0040,29.0,2025-12-30,Active
TX_user_0041_0,user_0041,29.0,2025-11-16,Active
TX_user_0041_1,user_0041,29.0,2025-12-16,Active
TX_user_0042_0,user_0042,29.0,2025-05-11,Active
TX_user_0042_1,user_0042,29.0,2025-06-10,Active
TX_user_0042_2,user_0042,29.0,2025-07-10,Active
TX_user_0042_3,user_0042,29.0,2025-08-09,Active
TX_user_0042_4,user_0042,29.0,2025-09-08,Active
TX_user_0042_5,user_0042,29.0,2025-10-08,Active
TX_user_0042_6,user_0042,29.0,2025-11-07,Active
TX_user_0042_7,user_0042,29.0,2025-12-07,Active
TX_user_0043_0,user_0043,79.0,2025-11-03,Active
TX_user_0043_1,user_0043,79.0,2025-12-03,Active
TX_user_0044_0,user_0044,79.0,2025-05-15,Active
TX_user_0044_1,user_0044,79.0,2025-06-14,Active
TX_user_0044_2,user_0044,79.0,2025-07-14,Active
TX_user_0044_3,user_0044,79.0,2025-08-13,Active
TX_user_0044_4,user_0044,79.0,2025-09-12,Active
TX_user_0044_5,user_0044,79.0,2025-10-12,Active
TX_user_0044_6,user_0044,79.0,2025-11-11,Active
TX_user_0044_7,user_0044,79.0,2025-12-11,Active
TX_user_0045_0,user_0045,29.0,2025-01-21,Active
TX_user_0045_1,user_0045,29.0,2025-02-20,Active
TX_user_0045_2,user_0045,29.0,2025-03-22,Active
TX_user_0045_3,user_0045,29.0,2025-04-21,Active
TX_user_0045_4,user_0045,29.0,2025-05-21,Active
TX_user_0045_5,user_0045,29.0,2025-06-20,Active
TX_user_0045_6,user_0045,29.0,2025-07-20,Active
TX_user_0045_7,user_0045,29.0,2025-08-19,Active
TX_user_0045_8,user_0045,29.0,2025-09-18,Active
TX_user_0045_9,user_0045,29.0,2025-10-18,Active
TX_user_0045_10,user_0045,29.0,2025-11-17,Churned
TX_user_0046_0,user_0046,299.0,2025-11-25,Active
TX_user_0046_1,user_0046,299.0,2025-12-25,Active
TX_user_0047_0,user_0047,29.0,2025-06-16,Active
TX_user_0047_1,user_0047,29.0,2025-07-16,Active
TX_user_0047_2,user_0047,29.0,2025-08-15,Active
TX_user_0047_3,user_0047,29.0,2025-09-14,Active
TX_user_0047_4,user_0047,29.0,2025-10-14,Active
TX_user_0047_5,user_0047,29.0,2025-11-13,Active
TX_user_0047_6,user_0047,29.0,2025-12-13,Active
TX_user_0048_0,user_0048,79.0,2025-10-01,Active
TX_user_0048_1,user_0048,79.0,2025-10-31,Active
TX_user_0048_2,user_0048,79.0,2025-11-30,Active
TX_user_0048_3,user_0048,79.0,2025-12-30,Active
TX_user_0049_0,user_0049,299.0,2025-03-30,Active
TX_user_0049_1,user_0049,299.0,2025-04-29,Active
TX_user_0049_2,user_0049,299.0,2025-05-29,Active
TX_user_0049_3,user_0049,299.0,2025-06-28,Active
TX_user_0049_4,user_0049,299.0,2025-07-28,Active
TX_user_0049_5,user_0049,299.0,2025-08-27,Active
TX_user_0049_6,user_0049,299.0,2025-09-26,Active
TX_user_0049_7,user_0049,299.0,2025-10-26,Active
TX_user_0049_8,user_0049,299.0,2025-11-25,Active
TX_user_0049_9,user_0049,299.0,2025-12-25,Active
TX_user_0050_0,user_0050,79.0,2025-11-12,Active
TX_user_0050_1,user_0050,79.0,2025-12-12,Active
TX_user_0051_0,user_0051,29.0,2025-01-14,Active
TX_user_0051_1,user_0051,29.0,2025-02-13,Active
TX_user_0051_2,user_0051,29.0,2025-03-15,Churned
TX_user_0052_0,user_0052,299.0,2025-08-30,Active
TX_user_0052_1,user_0052,299.0,2025-09-29,Active
TX_user_0052_2,user_0052,299.0,2025-10-29,Active
TX_user_0052_3,user_0052,299.0,2025-11-28,Active
TX_user_0052_4,user_0052,299.0,2025-12-28,Active
TX_user_0053_0,user_0053,79.0,2025-09-22,Active
TX_user_0053_1,user_0053,79.0,2025-10-22,Active
TX_user_0053_2,user_0053,79.0,2025-11-21,Active
TX_user_0053_3,user_0053,79.0,2025-12-21,Churned
TX_user_0054_0,user_0054,29.0,2025-12-12,Active
TX_user_0055_0,user_0055,29.0,2025-02-22,Active
TX_user_0055_1,user_0055,29.0,2025-03-24,Active
TX_user_0055_2,user_0055,29.0,2025-04-23,Active
TX_user_0055_3,user_0055,29.0,2025-05-23,Active
TX_user_0055_4,user_0055,29.0,2025-06-22,Active
TX_user_0055_5,user_0055,29.0,2025-07-22,Active
TX_user_0055_6,user_0055,29.0,2025-08-21,Active
TX_user_0055_7,user_0055,29.0,2025-09-20,Active
TX_user_0055_8,user_0055,29.0,2025-10-20,Churned
TX_user_0056_0,user_0056,79.0,2025-12-06,Active
TX_user_0057_0,user_0057,79.0,2025-04-02,Active
TX_user_0057_1,user_0057,79.0,2025-05-02,Active
TX_user_0057_2,user_0057,79.0,2025-06-01,Active
TX_user_0057_3,user_0057,79.0,2025-07-01,Active
TX_user_0057_4,user_0057,79.0,2025-07-31,Active
TX_user_0057_5,user_0057,79.0,2025-08-30,Active
TX_user_0057_6,user_0057,79.0,2025-09-29,Active
TX_user_0057_7,user_0057,79.0,2025-10-29,Active
TX_user_0057_8,user_0057,79.0,2025-11-28,Active
TX_user_0057_9,user_0057,79.0,2025-12-28,Active
TX_user_0058_0,user_0058,79.0,2025-09-21,Active
TX_user_0058_1,user_0058,79.0,2025-10-21,Active
TX_user_0058_2,user_0058,79.0,2025-11-20,Active
TX_user_0058_3,user_0058,79.0,2025-12-20,Active
TX_user_0059_0,user_0059,299.0,2025-02-04,Active
TX_user_0059_1,user_0059,299.0,2025-03-06,Active
TX_user_0059_2,user_0059,299.0,2025-04-05,Active
TX_user_0059_3,user_0059,299.0,2025-05-05,Active
TX_user_0059_4,user_0059,299.0,2025-06-04,Active
TX_user_0059_5,user_0059,299.0,2025-07-04,Active
TX_user_0059_6,user_0059,299.0,2025-08-03,Active
TX_user_0059_7,user_0059,299.0,2025-09-02,Active
TX_user_0059_8,user_0059,299.0,2025-10-02,Active
TX_user_0059_9,user_0059,299.0,2025-11-01,Active
TX_user_0059_10,user_0059,299.0,2025-12-01,Active
TX_user_0059_11,user_0059,299.0,2025-12-31,Active
TX_user_0060_0,user_0060,79.0,2025-07-25,Active
TX_user_0060_1,user_0060,79.0,2025-08-24,Active
TX_user_0060_2,user_0060,79.0,2025-09-23,Active
TX_user_0060_3,user_0060,79.0,2025-10-23,Active
TX_user_0060_4,user_0060,79.0,2025-11-22,Active
TX_user_0060_5,user_0060,79.0,2025-12-22,Active
TX_user_0061_0,user_0061,29.0,2025-03-22,Active
TX_user_0061_1,user_0061,29.0,2025-04-21,Active
TX_user_0061_2,user_0061,29.0,2025-05-21,Active
TX_user_0061_3,user_0061,29.0,2025-06-20,Active
TX_user_0061_4,user_0061,29.0,2025-07-20,Active
TX_user_0061_5,user_0061,29.0,2025-08-19,Active
TX_user_0061_6,user_0061,29.0,2025-09-18,Active
TX_user_0061_7,user_0061,29.0,2025-10-18,Active
TX_user_0061_8,user_0061,29.0,2025-11-17,Active
TX_user_0061_9,user_0061,29.0,2025-12-17,Active
TX_user_0062_0,user_0062,29.0,2025-02-19,Active
TX_user_0062_1,user_0062,29.0,2025-03-21,Active
TX_user_0062_2,user_0062,29.0,2025-04-20,Active
TX_user_0062_3,user_0062,29.0,2025-05-20,Churned
TX_user_0063_0,user_0063,29.0,2025-12-26,Active
TX_user_0064_0,user_0064,79.0,2025-01-02,Active
TX_user_0064_1,user_0064,79.0,2025-02-01,Active
TX_user_0064_2,user_0064,79.0,2025-03-03,Active
TX_user_0064_3,user_0064,79.0,2025-04-02,Active
TX_user_0064_4,user_0064,79.0,2025-05-02,Active
TX_user_0064_5,user_0064,79.0,2025-06-01,Active
TX_user_0064_6,user_0064,79.0,2025-07-01,Active
TX_user_0064_7,user_0064,79.0,2025-07-31,Active
TX_user_0064_8,user_0064,79.0,2025-08-30,Active
TX_user_0064_9,user_0064,79.0,2025-09-29,Active
TX_user_0064_10,user_0064,79.0,2025-10-29,Active
TX_user_0064_11,user_0064,79.0,2025-11-28,Active
TX_user_0065_0,user_0065,29.0,2025-02-23,Active
TX_user_0065_1,user_0065,29.0,2025-03-25,Active
TX_user_0065_2,user_0065,29.0,2025-04-24,Active
TX_user_0065_3,user_0065,29.0,2025-05-24,Active
TX_user_0065_4,user_0065,29.0,2025-06-23,Active
TX_user_0065_5,user_0065,29.0,2025-07-23,Active
TX_user_0065_6,user_0065,29.0,2025-08-22,Active
TX_user_0065_7,user_0065,29.0,2025-09-21,Active
TX_user_0065_8,user_0065,29.0,2025-10-21,Active
TX_user_0065_9,user_0065,29.0,2025-11-20,Active
TX_user_0065_10,user_0065,29.0,2025-12-20,Active
TX_user_0066_0,user_0066,79.0,2025-04-16,Active
TX_user_0066_1,user_0066,79.0,2025-05-16,Active
TX_user_0066_2,user_0066,79.0,2025-06-15,Active
TX_user_0066_3,user_0066,79.0,2025-07-15,Active
TX_user_0066_4,user_0066,79.0,2025-08-14,Active
TX_user_0066_5,user_0066,79.0,2025-09-13,Active
TX_user_0066_6,user_0066,79.0,2025-10-13,Active
TX_user_0066_7,user_0066,79.0,2025-11-12,Active
TX_user_0066_8,user_0066,79.0,2025-12-12,Active
TX_user_0067_0,user_0067,79.0,2025-09-17,Active
TX_user_0067_1,user_0067,79.0,2025-10-17,Active
TX_user_0067_2,user_0067,79.0,2025-11-16,Active
TX_user_0067_3,user_0067,79.0,2025-12-16,Active
TX_user_0068_0,user_0068,299.0,2025-11-06,Active
TX_user_0068_1,user_0068,299.0,2025-12-06,Active
TX_user_0069_0,user_0069,29.0,2025-07-10,Active
TX_user_0069_1,user_0069,29.0,2025-08-09,Active
TX_user_0069_2,user_0069,29.0,2025-09-08,Active
TX_user_0069_3,user_0069,29.0,2025-10-08,Active
TX_user_0069_4,user_0069,29.0,2025-11-07,Active
TX_user_0069_5,user_0069,29.0,2025-12-07,Active
TX_user_0070_0,user_0070,79.0,2025-08-06,Active
TX_user_0070_1,user_0070,79.0,2025-09-05,Active
TX_user_0070_2,user_0070,79.0,2025-10-05,Active
TX_user_0070_3,user_0070,79.0,2025-11-04,Active
TX_user_0070_4,user_0070,79.0,2025-12-04,Active
TX_user_0071_0,user_0071,29.0,2025-02-13,Active
TX_user_0071_1,user_0071,29.0,2025-03-15,Active
TX_user_0071_2,user_0071,29.0,2025-04-14,Active
TX_user_0071_3,user_0071,29.0,2025-05-14,Active
TX_user_0071_4,user_0071,29.0,2025-06-13,Active
TX_user_0071_5,user_0071,29.0,2025-07-13,Active
TX_user_0071_6,user_0071,29.0,2025-08-12,Active
TX_user_0071_7,user_0071,29.0,2025-09-11,Active
TX_user_0071_8,user_0071,29.0,2025-10-11,Active
TX_user_0071_9,user_0071,29.0,2025-11-10,Active
TX_user_0071_10,user_0071,29.0,2025-12-10,Active
TX_user_0072_0,user_0072,79.0,2025-06-11,Active
TX_user_0072_1,user_0072,79.0,2025-07-11,Active
TX_user_0072_2,user_0072,79.0,2025-08-10,Active
TX_user_0072_3,user_0072,79.0,2025-09-09,Active
TX_user_0072_4,user_0072,79.0,2025-10-09,Active
TX_user_0072_5,user_0072,79.0,2025-11-08,Active
TX_user_0072_6,user_0072,79.0,2025-12-08,Active
TX_user_0073_0,user_0073,29.0,2025-07-21,Active
TX_user_0073_1,user_0073,29.0,2025-08-20,Active
TX_user_0073_2,user_0073,29.0,2025-09-19,Active
TX_user_0073_3,user_0073,29.0,2025-10-19,Active
TX_user_0073_4,user_0073,29.0,2025-11-18,Active
TX_user_0073_5,user_0073,29.0,2025-12-18,Active
TX_user_0074_0,user_0074,29.0,2025-09-27,Active
TX_user_0074_1,user_0074,29.0,2025-10-27,Active
TX_user_0074_2,user_0074,29.0,2025-11-26,Active
TX_user_0074_3,user_0074,29.0,2025-12-26,Active
TX_user_0075_0,user_0075,79.0,2025-12-17,Churned
TX_user_0076_0,user_0076,29.0,2025-10-31,Active
TX_user_0076_1,user_0076,29.0,2025-11-30,Active
TX_user_0076_2,user_0076,29.0,2025-12-30,Active
TX_user_0077_0,user_0077,29.0,2025-09-28,Active
TX_user_0077_1,user_0077,29.0,2025-10-28,Active
TX_user_0077_2,user_0077,29.0,2025-11-27,Active
TX_user_0077_3,user_0077,29.0,2025-12-27,Active
TX_user_0078_0,user_0078,79.0,2025-08-03,Active
TX_user_0078_1,user_0078,79.0,2025-09-02,Active
TX_user_0078_2,user_0078,79.0,2025-10-02,Active
TX_user_0078_3,user_0078,79.0,2025-11-01,Active
TX_user_0078_4,user_0078,79.0,2025-12-01,Active
TX_user_0078_5,user_0078,79.0,2025-12-31,Active
TX_user_0079_0,user_0079,79.0,2025-09-09,Active
TX_user_0079_1,user_0079,79.0,2025-10-09,Active
TX_user_0079_2,user_0079,79.0,2025-11-08,Active
TX_user_0079_3,user_0079,79.0,2025-12-08,Active
TX_user_0080_0,user_0080,79.0,2025-07-09,Active
TX_user_0080_1,user_0080,79.0,2025-08-08,Active
TX_user_0080_2,user_0080,79.0,2025-09-07,Active
TX_user_0080_3,user_0080,79.0,2025-10-07,Active
TX_user_0080_4,user_0080,79.0,2025-11-06,Active
TX_user_0080_5,user_0080,79.0,2025-12-06,Active
TX_user_0081_0,user_0081,79.0,2025-10-23,Active
TX_user_0081_1,user_0081,79.0,2025-11-22,Active
TX_user_0081_2,user_0081,79.0,2025-12-22,Active
TX_user_0082_0,user_0082,79.0,2025-08-01,Active
TX_user_0082_1,user_0082,79.0,2025-08-31,Active
TX_user_0082_2,user_0082,79.0,2025-09-30,Active
TX_user_0082_3,user_0082,79.0,2025-10-30,Active
TX_user_0082_4,user_0082,79.0,2025-11-29,Active
TX_user_0082_5,user_0082,79.0,2025-12-29,Active
TX_user_0083_0,user_0083,29.0,2025-07-27,Active
TX_user_0083_1,user_0083,29.0,2025-08-26,Active
TX_user_0083_2,user_0083,29.0,2025-09-25,Active
TX_user_0083_3,user_0083,29.0,2025-10-25,Active
TX_user_0083_4,user_0083,29.0,2025-11-24,Active
TX_user_0083_5,user_0083,29.0,2025-12-24,Active
TX_user_0084_0,user_0084,29.0,2025-08-25,Active
TX_user_0084_1,user_0084,29.0,2025-09-24,Active
TX_user_0084_2,user_0084,29.0,2025-10-24,Active
TX_user_0084_3,user_0084,29.0,2025-11-23,Active
TX_user_0084_4,user_0084,29.0,2025-12-23,Active
TX_user_0085_0,user_0085,29.0,2025-12-04,Active
TX_user_0086_0,user_0086,299.0,2025-02-22,Active
TX_user_0086_1,user_0086,299.0,2025-03-24,Active
TX_user_0086_2,user_0086,299.0,2025-04-23,Active
TX_user_0086_3,user_0086,299.0,2025-05-23,Active
TX_user_0086_4,user_0086,299.0,2025-06-22,Active
TX_user_0086_5,user_0086,299.0,2025-07-22,Active
TX_user_0086_6,user_0086,299.0,2025-08-21,Active
TX_user_0086_7,user_0086,299.0,2025-09-20,Active
TX_user_0086_8,user_0086,299.0,2025-10-20,Active
TX_user_0086_9,user_0086,299.0,2025-11-19,Active
TX_user_0086_10,user_0086,299.0,2025-12-19,Active
TX_user_0087_0,user_0087,79.0,2025-10-07,Active
TX_user_0087_1,user_0087,79.0,2025-11-06,Active
TX_user_0087_2,user_0087,79.0,2025-12-06,Active
TX_user_0088_0,user_0088,29.0,2025-08-05,Active
TX_user_0088_1,user_0088,29.0,2025-09-04,Active
TX_user_0088_2,user_0088,29.0,2025-10-04,Active
TX_user_0088_3,user_0088,29.0,2025-11-03,Active
TX_user_0088_4,user_0088,29.0,2025-12-03,Active
TX_user_0089_0,user_0089,29.0,2025-09-09,Active
TX_user_0089_1,user_0089,29.0,2025-10-09,Active
TX_user_0089_2,user_0089,29.0,2025-11-08,Active
TX_user_0089_3,user_0089,29.0,2025-12-08,Active
TX_user_0090_0,user_0090,299.0,2025-07-07,Active
TX_user_0090_1,user_0090,299.0,2025-08-06,Active
TX_user_0090_2,user_0090,299.0,2025-09-05,Active
TX_user_0090_3,user_0090,299.0,2025-10-05,Active
TX_user_0090_4,user_0090,299.0,2025-11-04,Active
TX_user_0090_5,user_0090,299.0,2025-12-04,Active
TX_user_0091_0,user_0091,29.0,2025-02-10,Active
TX_user_0091_1,user_0091,29.0,2025-03-12,Active
TX_user_0091_2,user_0091,29.0,2025-04-11,Active
TX_user_0091_3,user_0091,29.0,2025-05-11,Active
TX_user_0091_4,user_0091,29.0,2025-06-10,Active
TX_user_0091_5,user_0091,29.0,2025-07-10,Active
TX_user_0091_6,user_0091,29.0,2025-08-09,Active
TX_user_0091_7,user_0091,29.0,2025-09-08,Active
TX_user_0091_8,user_0091,29.0,2025-10-08,Active
TX_user_0091_9,user_0091,29.0,2025-11-07,Active
TX_user_0091_10,user_0091,29.0,2025-12-07,Active
TX_user_0092_0,user_0092,79.0,2025-06-06,Active
TX_user_0092_1,user_0092,79.0,2025-07-06,Active
TX_user_0092_2,user_0092,79.0,2025-08-05,Active
TX_user_0092_3,user_0092,79.0,2025-09-04,Active
TX_user_0092_4,user_0092,79.0,2025-10-04,Active
TX_user_0092_5,user_0092,79.0,2025-11-03,Active
TX_user_0092_6,user_0092,79.0,2025-12-03,Active
TX_user_0093_0,user_0093,79.0,2025-01-15,Active
TX_user_0093_1,user_0093,79.0,2025-02-14,Active
TX_user_0093_2,user_0093,79.0,2025-03-16,Active
TX_user_0093_3,user_0093,79.0,2025-04-15,Active
TX_user_0093_4,user_0093,79.0,2025-05-15,Churned
TX_user_0094_0,user_0094,79.0,2025-10-28,Active
TX_user_0094_1,user_0094,79.0,2025-11-27,Active
TX_user_0094_2,user_0094,79.0,2025-12-27,Active
TX_user_0095_0,user_0095,29.0,2025-03-06,Active
TX_user_0095_1,user_0095,29.0,2025-04-05,Active
TX_user_0095_2,user_0095,29.0,2025-05-05,Active
TX_user_0095_3,user_0095,29.0,2025-06-04,Active
TX_user_0095_4,user_0095,29.0,2025-07-04,Active
TX_user_0095_5,user_0095,29.0,2025-08-03,Active
TX_user_0095_6,user_0095,29.0,2025-09-02,Active
TX_user_0095_7,user_0095,29.0,2025-10-02,Active
TX_user_0095_8,user_0095,29.0,2025-11-01,Active
TX_user_0095_9,user_0095,29.0,2025-12-01,Active
TX_user_0095_10,user_0095,29.0,2025-12-31,Active
TX_user_0096_0,user_0096,299.0,2025-12-11,Active
TX_user_0097_0,user_0097,299.0,2025-11-23,Active
TX_user_0097_1,user_0097,299.0,2025-12-23,Active
TX_user_0098_0,user_0098,79.0,2025-01-09,Active
TX_user_0098_1,user_0098,79.0,2025-02-08,Active
TX_user_0098_2,user_0098,79.0,2025-03-10,Active
TX_user_0098_3,user_0098,79.0,2025-04-09,Active
TX_user_0098_4,user_0098,79.0,2025-05-09,Active
TX_user_0098_5,user_0098,79.0,2025-06-08,Active
TX_user_0098_6,user_0098,79.0,2025-07-08,Active
TX_user_0098_7,user_0098,79.0,2025-08-07,Active
TX_user_0098_8,user_0098,79.0,2025-09-06,Active
TX_user_0098_9,user_0098,79.0,2025-10-06,Active
TX_user_0098_10,user_0098,79.0,2025-11-05,Active
TX_user_0098_11,user_0098,79.0,2025-12-05,Active
TX_user_0099_0,user_0099,79.0,2025-12-10,Active
TX_user_0100_0,user_0100,299.0,2025-05-09,Active
TX_user_0100_1,user_0100,299.0,2025-06-08,Active
TX_user_0100_2,user_0100,299.0,2025-07-08,Active
TX_user_0100_3,user_0100,299.0,2025-08-07,Active
TX_user_0100_4,user_0100,299.0,2025-09-06,Active
TX_user_0100_5,user_0100,299.0,2025-10-06,Churned
TX_user_0101_0,user_0101,79.0,2025-05-16,Active
TX_user_0101_1,user_0101,79.0,2025-06-15,Active
TX_user_0101_2,user_0101,79.0,2025-07-15,Active
TX_user_0101_3,user_0101,79.0,2025-08-14,Active
TX_user_0101_4,user_0101,79.0,2025-09-13,Active
TX_user_0101_5,user_0101,79.0,2025-10-13,Active
TX_user_0101_6,user_0101,79.0,2025-11-12,Active
TX_user_0101_7,user_0101,79.0,2025-12-12,Active
TX_user_0102_0,user_0102,29.0,2025-03-04,Active
TX_user_0102_1,user_0102,29.0,2025-04-03,Active
TX_user_0102_2,user_0102,29.0,2025-05-03,Active
TX_user_0102_3,user_0102,29.0,2025-06-02,Active
TX_user_0102_4,user_0102,29.0,2025-07-02,Active
TX_user_0102_5,user_0102,29.0,2025-08-01,Active
TX_user_0102_6,user_0102,29.0,2025-08-31,Active
TX_user_0102_7,user_0102,29.0,2025-09-30,Active
TX_user_0102_8,user_0102,29.0,2025-10-30,Active
TX_user_0102_9,user_0102,29.0,2025-11-29,Active
TX_user_0102_10,user_0102,29.0,2025-12-29,Active
TX_user_0103_0,user_0103,79.0,2025-05-19,Active
TX_user_0103_1,user_0103,79.0,2025-06-18,Active
TX_user_0103_2,user_0103,79.0,2025-07-18,Active
TX_user_0103_3,user_0103,79.0,2025-08-17,Active
TX_user_0103_4,user_0103,79.0,2025-09-16,Active
TX_user_0103_5,user_0103,79.0,2025-10-16,Active
TX_user_0103_6,user_0103,79.0,2025-11-15,Active
TX_user_0103_7,user_0103,79.0,2025-12-15,Active
TX_user_0104_0,user_0104,79.0,2025-03-22,Active
TX_user_0104_1,user_0104,79.0,2025-04-21,Active
TX_user_0104_2,user_0104,79.0,2025-05-21,Active
TX_user_0104_3,user_0104,79.0,2025-06-20,Active
TX_user_0104_4,user_0104,79.0,2025-07-20,Active
TX_user_0104_5,user_0104,79.0,2025-08-19,Active
TX_user_0104_6,user_0104,79.0,2025-09-18,Active
TX_user_0104_7,user_0104,79.0,2025-10-18,Churned
TX_user_0105_0,user_0105,29.0,2025-06-12,Active
TX_user_0105_1,user_0105,29.0,2025-07-12,Active
TX_user_0105_2,user_0105,29.0,2025-08-11,Active
TX_user_0105_3,user_0105,29.0,2025-09-10,Active
TX_user_0105_4,user_0105,29.0,2025-10-10,Active
TX_user_0105_5,user_0105,29.0,2025-11-09,Active
TX_user_0105_6,user_0105,29.0,2025-12-09,Active
TX_user_0106_0,user_0106,79.0,2025-10-16,Active
TX_user_0106_1,user_0106,79.0,2025-11-15,Active
TX_user_0106_2,user_0106,79.0,2025-12-15,Active
TX_user_0107_0,user_0107,299.0,2025-09-18,Active
TX_user_0107_1,user_0107,299.0,2025-10-18,Active
TX_user_0107_2,user_0107,299.0,2025-11-17,Active
TX_user_0107_3,user_0107,299.0,2025-12-17,Active
TX_user_0108_0,user_0108,299.0,2025-08-19,Active
TX_user_0108_1,user_0108,299.0,2025-09-18,Active
TX_user_0108_2,user_0108,299.0,2025-10-18,Active
TX_user_0108_3,user_0108,299.0,2025-11-17,Active
TX_user_0108_4,user_0108,299.0,2025-12-17,Active
TX_user_0109_0,user_0109,29.0,2025-02-10,Active
TX_user_0109_1,user_0109,29.0,2025-03-12,Active
TX_user_0109_2,user_0109,29.0,2025-04-11,Active
TX_user_0109_3,user_0109,29.0,2025-05-11,Active
TX_user_0109_4,user_0109,29.0,2025-06-10,Active
TX_user_0109_5,user_0109,29.0,2025-07-10,Active
TX_user_0109_6,user_0109,29.0,2025-08-09,Active
TX_user_0109_7,user_0109,29.0,2025-09-08,Active
TX_user_0109_8,user_0109,29.0,2025-10-08,Active
TX_user_0109_9,user_0109,29.0,2025-11-07,Active
TX_user_0109_10,user_0109,29.0,2025-12-07,Active
TX_user_0110_0,user_0110,29.0,2025-01-28,Active
TX_user_0110_1,user_0110,29.0,2025-02-27,Active
TX_user_0110_2,user_0110,29.0,2025-03-29,Active
TX_user_0110_3,user_0110,29.0,2025-04-28,Active
TX_user_0110_4,user_0110,29.0,2025-05-28,Active
TX_user_0110_5,user_0110,29.0,2025-06-27,Active
TX_user_0110_6,user_0110,29.0,2025-07-27,Active
TX_user_0110_7,user_0110,29.0,2025-08-26,Active
TX_user_0110_8,user_0110,29.0,2025-09-25,Active
TX_user_0110_9,user_0110,29.0,2025-10-25,Active
TX_user_0110_10,user_0110,29.0,2025-11-24,Active
TX_user_0110_11,user_0110,29.0,2025-12-24,Active
TX_user_0111_0,user_0111,299.0,2025-05-15,Active
TX_user_0111_1,user_0111,299.0,2025-06-14,Active
TX_user_0111_2,user_0111,299.0,2025-07-14,Active
TX_user_0111_3,user_0111,299.0,2025-08-13,Active
TX_user_0111_4,user_0111,299.0,2025-09-12,Active
TX_user_0111_5,user_0111,299.0,2025-10-12,Active
TX_user_0111_6,user_0111,299.0,2025-11-11,Active
TX_user_0111_7,user_0111,299.0,2025-12-11,Active
TX_user_0112_0,user_0112,79.0,2025-07-20,Active
TX_user_0112_1,user_0112,79.0,2025-08-19,Active
TX_user_0112_2,user_0112,79.0,2025-09-18,Active
TX_user_0112_3,user_0112,79.0,2025-10-18,Active
TX_user_0112_4,user_0112,79.0,2025-11-17,Active
TX_user_0112_5,user_0112,79.0,2025-12-17,Active
TX_user_0113_0,user_0113,29.0,2025-11-24,Active
TX_user_0113_1,user_0113,29.0,2025-12-24,Active
TX_user_0114_0,user_0114,299.0,2025-09-25,Active
TX_user_0114_1,user_0114,299.0,2025-10-25,Active
TX_user_0114_2,user_0114,299.0,2025-11-24,Active
TX_user_0114_3,user_0114,299.0,2025-12-24,Active
TX_user_0115_0,user_0115,299.0,2025-02-02,Active
TX_user_0115_1,user_0115,299.0,2025-03-04,Active
TX_user_0115_2,user_0115,299.0,2025-04-03,Active
TX_user_0115_3,user_0115,299.0,2025-05-03,Active
TX_user_0115_4,user_0115,299.0,2025-06-02,Active
TX_user_0115_5,user_0115,299.0,2025-07-02,Active
TX_user_0115_6,user_0115,299.0,2025-08-01,Active
TX_user_0115_7,user_0115,299.0,2025-08-31,Active
TX_user_0115_8,user_0115,299.0,2025-09-30,Active
TX_user_0115_9,user_0115,299.0,2025-10-30,Active
TX_user_0115_10,user_0115,299.0,2025-11-29,Active
TX_user_0115_11,user_0115,299.0,2025-12-29,Active
TX_user_0116_0,user_0116,79.0,2025-02-17,Active
TX_user_0116_1,user_0116,79.0,2025-03-19,Active
TX_user_0116_2,user_0116,79.0,2025-04-18,Active
TX_user_0116_3,user_0116,79.0,2025-05-18,Active
TX_user_0116_4,user_0116,79.0,2025-06-17,Active
TX_user_0116_5,user_0116,79.0,2025-07-17,Active
TX_user_0116_6,user_0116,79.0,2025-08-16,Active
TX_user_0116_7,user_0116,79.0,2025-09-15,Active
TX_user_0116_8,user_0116,79.0,2025-10-15,Active
TX_user_0116_9,user_0116,79.0,2025-11-14,Active
TX_user_0116_10,user_0116,79.0,2025-12-14,Active
TX_user_0117_0,user_0117,79.0,2025-03-03,Active
TX_user_0117_1,user_0117,79.0,2025-04-02,Active
TX_user_0117_2,user_0117,79.0,2025-05-02,Active
TX_user_0117_3,user_0117,79.0,2025-06-01,Active
TX_user_0117_4,user_0117,79.0,2025-07-01,Active
TX_user_0117_5,user_0117,79.0,2025-07-31,Active
TX_user_0117_6,user_0117,79.0,2025-08-30,Active
TX_user_0117_7,user_0117,79.0,2025-09-29,Active
TX_user_0117_8,user_0117,79.0,2025-10-29,Active
TX_user_0117_9,user_0117,79.0,2025-11-28,Active
TX_user_0117_10,user_0117,79.0,2025-12-28,Active
TX_user_0118_0,user_0118,29.0,2025-08-04,Active
TX_user_0118_1,user_0118,29.0,2025-09-03,Active
TX_user_0118_2,user_0118,29.0,2025-10-03,Active
TX_user_0118_3,user_0118,29.0,2025-11-02,Active
TX_user_0118_4,user_0118,29.0,2025-12-02,Active
TX_user_0119_0,user_0119,29.0,2025-10-20,Active
TX_user_0119_1,user_0119,29.0,2025-11-19,Active
TX_user_0119_2,user_0119,29.0,2025-12-19,Active
TX_user_0120_0,user_0120,29.0,2025-04-09,Active
TX_user_0120_1,user_0120,29.0,2025-05-09,Active
TX_user_0120_2,user_0120,29.0,2025-06-08,Active
TX_user_0120_3,user_0120,29.0,2025-07-08,Active
TX_user_0120_4,user_0120,29.0,2025-08-07,Active
TX_user_0120_5,user_0120,29.0,2025-09-06,Active
TX_user_0120_6,user_0120,29.0,2025-10-06,Active
TX_user_0120_7,user_0120,29.0,2025-11-05,Active
TX_user_0120_8,user_0120,29.0,2025-12-05,Active
TX_user_0121_0,user_0121,79.0,2025-06-21,Active
TX_user_0121_1,user_0121,79.0,2025-07-21,Active
TX_user_0121_2,user_0121,79.0,2025-08-20,Active
TX_user_0121_3,user_0121,79.0,2025-09-19,Active
TX_user_0121_4,user_0121,79.0,2025-10-19,Active
TX_user_0121_5,user_0121,79.0,2025-11-18,Churned
TX_user_0122_0,user_0122,29.0,2025-12-26,Active
TX_user_0123_0,user_0123,29.0,2025-08-02,Active
TX_user_0123_1,user_0123,29.0,2025-09-01,Active
TX_user_0123_2,user_0123,29.0,2025-10-01,Active
TX_user_0123_3,user_0123,29.0,2025-10-31,Active
TX_user_0123_4,user_0123,29.0,2025-11-30,Active
TX_user_0123_5,user_0123,29.0,2025-12-30,Active
TX_user_0124_0,user_0124,29.0,2025-02-04,Active
TX_user_0124_1,user_0124,29.0,2025-03-06,Active
TX_user_0124_2,user_0124,29.0,2025-04-05,Active
TX_user_0124_3,user_0124,29.0,2025-05-05,Active
TX_user_0124_4,user_0124,29.0,2025-06-04,Active
TX_user_0124_5,user_0124,29.0,2025-07-04,Active
TX_user_0124_6,user_0124,29.0,2025-08-03,Active
TX_user_0124_7,user_0124,29.0,2025-09-02,Active
TX_user_0124_8,user_0124,29.0,2025-10-02,Active
TX_user_0124_9,user_0124,29.0,2025-11-01,Active
TX_user_0124_10,user_0124,29.0,2025-12-01,Active
TX_user_0124_11,user_0124,29.0,2025-12-31,Active
TX_user_0125_0,user_0125,79.0,2025-08-15,Active
TX_user_0125_1,user_0125,79.0,2025-09-14,Active
TX_user_0125_2,user_0125,79.0,2025-10-14,Active
TX_user_0125_3,user_0125,79.0,2025-11-13,Churned
TX_user_0126_0,user_0126,299.0,2025-04-11,Active
TX_user_0126_1,user_0126,299.0,2025-05-11,Active
TX_user_0126_2,user_0126,299.0,2025-06-10,Active
TX_user_0126_3,user_0126,299.0,2025-07-10,Active
TX_user_0126_4,user_0126,299.0,2025-08-09,Active
TX_user_0126_5,user_0126,299.0,2025-09-08,Active
TX_user_0126_6,user_0126,299.0,2025-10-08,Active
TX_user_0126_7,user_0126,299.0,2025-11-07,Active
TX_user_0126_8,user_0126,299.0,2025-12-07,Active
TX_user_0127_0,user_0127,29.0,2025-05-11,Active
TX_user_0127_1,user_0127,29.0,2025-06-10,Active
TX_user_0127_2,user_0127,29.0,2025-07-10,Active
TX_user_0127_3,user_0127,29.0,2025-08-09,Active
TX_user_0127_4,user_0127,29.0,2025-09-08,Active
TX_user_0127_5,user_0127,29.0,2025-10-08,Active
TX_user_0127_6,user_0127,29.0,2025-11-07,Active
TX_user_0127_7,user_0127,29.0,2025-12-07,Active
TX_user_0128_0,user_0128,29.0,2025-09-14,Active
TX_user_0128_1,user_0128,29.0,2025-10-14,Active
TX_user_0128_2,user_0128,29.0,2025-11-13,Active
TX_user_0128_3,user_0128,29.0,2025-12-13,Active
TX_user_0129_0,user_0129,79.0,2025-01-05,Active
TX_user_0129_1,user_0129,79.0,2025-02-04,Active
TX_user_0129_2,user_0129,79.0,2025-03-06,Active
TX_user_0129_3,user_0129,79.0,2025-04-05,Active
TX_user_0129_4,user_0129,79.0,2025-05-05,Churned
TX_user_0130_0,user_0130,29.0,2025-08-06,Active
TX_user_0130_1,user_0130,29.0,2025-09-05,Active
TX_user_0130_2,user_0130,29.0,2025-10-05,Active
TX_user_0130_3,user_0130,29.0,2025-11-04,Active
TX_user_0130_4,user_0130,29.0,2025-12-04,Active
TX_user_0131_0,user_0131,29.0,2025-09-12,Active
TX_user_0131_1,user_0131,29.0,2025-10-12,Active
TX_user_0131_2,user_0131,29.0,2025-11-11,Active
TX_user_0131_3,user_0131,29.0,2025-12-11,Active
TX_user_0132_0,user_0132,29.0,2025-12-25,Active
TX_user_0133_0,user_0133,29.0,2025-10-10,Active
TX_user_0133_1,user_0133,29.0,2025-11-09,Active
TX_user_0133_2,user_0133,29.0,2025-12-09,Active
TX_user_0134_0,user_0134,29.0,2025-07-26,Active
TX_user_0134_1,user_0134,29.0,2025-08-25,Active
TX_user_0134_2,user_0134,29.0,2025-09-24,Active
TX_user_0134_3,user_0134,29.0,2025-10-24,Active
TX_user_0134_4,user_0134,29.0,2025-11-23,Active
TX_user_0134_5,user_0134,29.0,2025-12-23,Active
TX_user_0135_0,user_0135,29.0,2025-01-15,Active
TX_user_0135_1,user_0135,29.0,2025-02-14,Active
TX_user_0135_2,user_0135,29.0,2025-03-16,Active
TX_user_0135_3,user_0135,29.0,2025-04-15,Active
TX_user_0135_4,user_0135,29.0,2025-05-15,Active
TX_user_0135_5,user_0135,29.0,2025-06-14,Active
TX_user_0135_6,user_0135,29.0,2025-07-14,Active
TX_user_0135_7,user_0135,29.0,2025-08-13,Active
TX_user_0135_8,user_0135,29.0,2025-09-12,Active
TX_user_0135_9,user_0135,29.0,2025-10-12,Active
TX_user_0135_10,user_0135,29.0,2025-11-11,Active
TX_user_0135_11,user_0135,29.0,2025-12-11,Active
TX_user_0136_0,user_0136,29.0,2025-12-12,Active
TX_user_0137_0,user_0137,299.0,2025-02-11,Active
TX_user_0137_1,user_0137,299.0,2025-03-13,Active
TX_user_0137_2,user_0137,299.0,2025-04-12,Active
TX_user_0137_3,user_0137,299.0,2025-05-12,Active
TX_user_0137_4,user_0137,299.0,2025-06-11,Active
TX_user_0137_5,user_0137,299.0,2025-07-11,Active
TX_user_0137_6,user_0137,299.0,2025-08-10,Active
TX_user_0137_7,user_0137,299.0,2025-09-09,Active
TX_user_0137_8,user_0137,299.0,2025-10-09,Active
TX_user_0137_9,user_0137,299.0,2025-11-08,Active
TX_user_0137_10,user_0137,299.0,2025-12-08,Active
TX_user_0138_0,user_0138,29.0,2025-06-28,Active
TX_user_0138_1,user_0138,29.0,2025-07-28,Active
TX_user_0138_2,user_0138,29.0,2025-08-27,Active
TX_user_0138_3,user_0138,29.0,2025-09-26,Active
TX_user_0138_4,user_0138,29.0,2025-10-26,Active
TX_user_0138_5,user_0138,29.0,2025-11-25,Active
TX_user_0138_6,user_0138,29.0,2025-12-25,Active
TX_user_0139_0,user_0139,79.0,2025-03-04,Active
TX_user_0139_1,user_0139,79.0,2025-04-03,Active
TX_user_0139_2,user_0139,79.0,2025-05-03,Active
TX_user_0139_3,user_0139,79.0,2025-06-02,Active
TX_user_0139_4,user_0139,79.0,2025-07-02,Active
TX_user_0139_5,user_0139,79.0,2025-08-01,Active
TX_user_0139_6,user_0139,79.0,2025-08-31,Active
TX_user_0139_7,user_0139,79.0,2025-09-30,Active
TX_user_0139_8,user_0139,79.0,2025-10-30,Active
TX_user_0139_9,user_0139,79.0,2025-11-29,Active
TX_user_0139_10,user_0139,79.0,2025-12-29,Active
TX_user_0140_0,user_0140,79.0,2025-12-18,Active
TX_user_0141_0,user_0141,29.0,2025-08-19,Active
TX_user_0141_1,user_0141,29.0,2025-09-18,Active
TX_user_0141_2,user_0141,29.0,2025-10-18,Active
TX_user_0141_3,user_0141,29.0,2025-11-17,Active
TX_user_0141_4,user_0141,29.0,2025-12-17,Active
TX_user_0142_0,user_0142,79.0,2025-08-29,Active
TX_user_0142_1,user_0142,79.0,2025-09-28,Active
TX_user_0142_2,user_0142,79.0,2025-10-28,Active
TX_user_0142_3,user_0142,79.0,2025-11-27,Active
TX_user_0142_4,user_0142,79.0,2025-12-27,Active
TX_user_0143_0,user_0143,29.0,2025-02-21,Active
TX_user_0143_1,user_0143,29.0,2025-03-23,Active
TX_user_0143_2,user_0143,29.0,2025-04-22,Active
TX_user_0143_3,user_0143,29.0,2025-05-22,Active
TX_user_0143_4,user_0143,29.0,2025-06-21,Active
TX_user_0143_5,user_0143,29.0,2025-07-21,Active
TX_user_0143_6,user_0143,29.0,2025-08-20,Active
TX_user_0143_7,user_0143,29.0,2025-09-19,Active
TX_user_0143_8,user_0143,29.0,2025-10-19,Active
TX_user_0143_9,user_0143,29.0,2025-11-18,Active
TX_user_0143_10,user_0143,29.0,2025-12-18,Active
TX_user_0144_0,user_0144,299.0,2025-04-06,Active
TX_user_0144_1,user_0144,299.0,2025-05-06,Active
TX_user_0144_2,user_0144,299.0,2025-06-05,Active
TX_user_0144_3,user_0144,299.0,2025-07-05,Active
TX_user_0144_4,user_0144,299.0,2025-08-04,Active
TX_user_0144_5,user_0144,299.0,2025-09-03,Active
TX_user_0144_6,user_0144,299.0,2025-10-03,Active
TX_user_0144_7,user_0144,299.0,2025-11-02,Active
TX_user_0144_8,user_0144,299.0,2025-12-02,Active
TX_user_0145_0,user_0145,29.0,2025-08-10,Active
TX_user_0145_1,user_0145,29.0,2025-09-09,Active
TX_user_0145_2,user_0145,29.0,2025-10-09,Active
TX_user_0145_3,user_0145,29.0,2025-11-08,Active
TX_user_0145_4,user_0145,29.0,2025-12-08,Active
TX_user_0146_0,user_0146,29.0,2025-08-19,Active
TX_user_0146_1,user_0146,29.0,2025-09-18,Active
TX_user_0146_2,user_0146,29.0,2025-10-18,Active
TX_user_0146_3,user_0146,29.0,2025-11-17,Active
TX_user_0146_4,user_0146,29.0,2025-12-17,Active
TX_user_0147_0,user_0147,29.0,2025-08-25,Active
TX_user_0147_1,user_0147,29.0,2025-09-24,Active
TX_user_0147_2,user_0147,29.0,2025-10-24,Active
TX_user_0147_3,user_0147,29.0,2025-11-23,Active
TX_user_0147_4,user_0147,29.0,2025-12-23,Active
TX_user_0148_0,user_0148,299.0,2025-05-23,Churned
TX_user_0149_0,user_0149,79.0,2025-06-20,Active
TX_user_0149_1,user_0149,79.0,2025-07-20,Active
TX_user_0149_2,user_0149,79.0,2025-08-19,Active
TX_user_0149_3,user_0149,79.0,2025-09-18,Active
TX_user_0149_4,user_0149,79.0,2025-10-18,Active
TX_user_0149_5,user_0149,79.0,2025-11-17,Active
TX_user_0149_6,user_0149,79.0,2025-12-17,Active
TX_user_0150_0,user_0150,79.0,2025-01-29,Active
TX_user_0150_1,user_0150,79.0,2025-02-28,Active
TX_user_0150_2,user_0150,79.0,2025-03-30,Active
TX_user_0150_3,user_0150,79.0,2025-04-29,Active
TX_user_0150_4,user_0150,79.0,2025-05-29,Active
TX_user_0150_5,user_0150,79.0,2025-06-28,Active
TX_user_0150_6,user_0150,79.0,2025-07-28,Active
TX_user_0150_7,user_0150,79.0,2025-08-27,Active
TX_user_0150_8,user_0150,79.0,2025-09-26,Active
TX_user_0150_9,user_0150,79.0,2025-10-26,Active
TX_user_0150_10,user_0150,79.0,2025-11-25,Active
TX_user_0150_11,user_0150,79.0,2025-12-25,Active
TX_user_0151_0,user_0151,29.0,2025-02-05,Active
TX_user_0151_1,user_0151,29.0,2025-03-07,Active
TX_user_0151_2,user_0151,29.0,2025-04-06,Active
TX_user_0151_3,user_0151,29.0,2025-05-06,Active
TX_user_0151_4,user_0151,29.0,2025-06-05,Active
TX_user_0151_5,user_0151,29.0,2025-07-05,Active
TX_user_0151_6,user_0151,29.0,2025-08-04,Active
TX_user_0151_7,user_0151,29.0,2025-09-03,Active
TX_user_0151_8,user_0151,29.0,2025-10-03,Churned
TX_user_0152_0,user_0152,79.0,2025-01-13,Active
TX_user_0152_1,user_0152,79.0,2025-02-12,Active
TX_user_0152_2,user_0152,79.0,2025-03-14,Active
TX_user_0152_3,user_0152,79.0,2025-04-13,Active
TX_user_0152_4,user_0152,79.0,2025-05-13,Active
TX_user_0152_5,user_0152,79.0,2025-06-12,Active
TX_user_0152_6,user_0152,79.0,2025-07-12,Active
TX_user_0152_7,user_0152,79.0,2025-08-11,Active
TX_user_0152_8,user_0152,79.0,2025-09-10,Active
TX_user_0152_9,user_0152,79.0,2025-10-10,Active
TX_user_0152_10,user_0152,79.0,2025-11-09,Active
TX_user_0152_11,user_0152,79.0,2025-12-09,Active
TX_user_0153_0,user_0153,29.0,2025-06-09,Active
TX_user_0153_1,user_0153,29.0,2025-07-09,Active
TX_user_0153_2,user_0153,29.0,2025-08-08,Active
TX_user_0153_3,user_0153,29.0,2025-09-07,Active
TX_user_0153_4,user_0153,29.0,2025-10-07,Active
TX_user_0153_5,user_0153,29.0,2025-11-06,Active
TX_user_0153_6,user_0153,29.0,2025-12-06,Active
TX_user_0154_0,user_0154,299.0,2025-11-23,Active
TX_user_0154_1,user_0154,299.0,2025-12-23,Active
TX_user_0155_0,user_0155,29.0,2025-07-06,Active
TX_user_0155_1,user_0155,29.0,2025-08-05,Active
TX_user_0155_2,user_0155,29.0,2025-09-04,Active
TX_user_0155_3,user_0155,29.0,2025-10-04,Active
TX_user_0155_4,user_0155,29.0,2025-11-03,Active
TX_user_0155_5,user_0155,29.0,2025-12-03,Active
TX_user_0156_0,user_0156,29.0,2025-08-31,Active
TX_user_0156_1,user_0156,29.0,2025-09-30,Active
TX_user_0156_2,user_0156,29.0,2025-10-30,Active
TX_user_0156_3,user_0156,29.0,2025-11-29,Active
TX_user_0156_4,user_0156,29.0,2025-12-29,Active
TX_user_0157_0,user_0157,29.0,2025-03-27,Active
TX_user_0157_1,user_0157,29.0,2025-04-26,Active
TX_user_0157_2,user_0157,29.0,2025-05-26,Active
TX_user_0157_3,user_0157,29.0,2025-06-25,Active
TX_user_0157_4,user_0157,29.0,2025-07-25,Active
TX_user_0157_5,user_0157,29.0,2025-08-24,Active
TX_user_0157_6,user_0157,29.0,2025-09-23,Active
TX_user_0157_7,user_0157,29.0,2025-10-23,Active
TX_user_0157_8,user_0157,29.0,2025-11-22,Active
TX_user_0157_9,user_0157,29.0,2025-12-22,Churned
TX_user_0158_0,user_0158,29.0,2025-10-11,Active
TX_user_0158_1,user_0158,29.0,2025-11-10,Active
TX_user_0158_2,user_0158,29.0,2025-12-10,Active
TX_user_0159_0,user_0159,79.0,2025-03-07,Active
TX_user_0159_1,user_0159,79.0,2025-04-06,Active
TX_user_0159_2,user_0159,79.0,2025-05-06,Active
TX_user_0159_3,user_0159,79.0,2025-06-05,Active
TX_user_0159_4,user_0159,79.0,2025-07-05,Active
TX_user_0159_5,user_0159,79.0,2025-08-04,Active
TX_user_0159_6,user_0159,79.0,2025-09-03,Active
TX_user_0159_7,user_0159,79.0,2025-10-03,Active
TX_user_0159_8,user_0159,79.0,2025-11-02,Active
TX_user_0159_9,user_0159,79.0,2025-12-02,Active
TX_user_0160_0,user_0160,29.0,2025-06-19,Active
TX_user_0160_1,user_0160,29.0,2025-07-19,Active
TX_user_0160_2,user_0160,29.0,2025-08-18,Active
TX_user_0160_3,user_0160,29.0,2025-09-17,Active
TX_user_0160_4,user_0160,29.0,2025-10-17,Active
TX_user_0160_5,user_0160,29.0,2025-11-16,Active
TX_user_0160_6,user_0160,29.0,2025-12-16,Active
TX_user_0161_0,user_0161,79.0,2025-02-14,Active
TX_user_0161_1,user_0161,79.0,2025-03-16,Active
TX_user_0161_2,user_0161,79.0,2025-04-15,Active
TX_user_0161_3,user_0161,79.0,2025-05-15,Active
TX_user_0161_4,user_0161,79.0,2025-06-14,Active
TX_user_0161_5,user_0161,79.0,2025-07-14,Active
TX_user_0161_6,user_0161,79.0,2025-08-13,Active
TX_user_0161_7,user_0161,79.0,2025-09-12,Active
TX_user_0161_8,user_0161,79.0,2025-10-12,Active
TX_user_0161_9,user_0161,79.0,2025-11-11,Active
TX_user_0161_10,user_0161,79.0,2025-12-11,Active
TX_user_0162_0,user_0162,29.0,2025-03-03,Active
TX_user_0162_1,user_0162,29.0,2025-04-02,Active
TX_user_0162_2,user_0162,29.0,2025-05-02,Active
TX_user_0162_3,user_0162,29.0,2025-06-01,Active
TX_user_0162_4,user_0162,29.0,2025-07-01,Active
TX_user_0162_5,user_0162,29.0,2025-07-31,Active
TX_user_0162_6,user_0162,29.0,2025-08-30,Active
TX_user_0162_7,user_0162,29.0,2025-09-29,Active
TX_user_0162_8,user_0162,29.0,2025-10-29,Active
TX_user_0162_9,user_0162,29.0,2025-11-28,Active
TX_user_0162_10,user_0162,29.0,2025-12-28,Active
TX_user_0163_0,user_0163,79.0,2025-05-14,Active
TX_user_0163_1,user_0163,79.0,2025-06-13,Active
TX_user_0163_2,user_0163,79.0,2025-07-13,Active
TX_user_0163_3,user_0163,79.0,2025-08-12,Active
TX_user_0163_4,user_0163,79.0,2025-09-11,Active
TX_user_0163_5,user_0163,79.0,2025-10-11,Active
TX_user_0163_6,user_0163,79.0,2025-11-10,Active
TX_user_0163_7,user_0163,79.0,2025-12-10,Active
TX_user_0164_0,user_0164,29.0,2025-10-11,Active
TX_user_0164_1,user_0164,29.0,2025-11-10,Active
TX_user_0164_2,user_0164,29.0,2025-12-10,Active
TX_user_0165_0,user_0165,29.0,2025-01-28,Active
TX_user_0165_1,user_0165,29.0,2025-02-27,Active
TX_user_0165_2,user_0165,29.0,2025-03-29,Active
TX_user_0165_3,user_0165,29.0,2025-04-28,Active
TX_user_0165_4,user_0165,29.0,2025-05-28,Active
TX_user_0165_5,user_0165,29.0,2025-06-27,Active
TX_user_0165_6,user_0165,29.0,2025-07-27,Active
TX_user_0165_7,user_0165,29.0,2025-08-26,Active
TX_user_0165_8,user_0165,29.0,2025-09-25,Active
TX_user_0165_9,user_0165,29.0,2025-10-25,Active
TX_user_0165_10,user_0165,29.0,2025-11-24,Active
TX_user_0165_11,user_0165,29.0,2025-12-24,Active
TX_user_0166_0,user_0166,79.0,2025-04-18,Active
TX_user_0166_1,user_0166,79.0,2025-05-18,Active
TX_user_0166_2,user_0166,79.0,2025-06-17,Active
TX_user_0166_3,user_0166,79.0,2025-07-17,Churned
TX_user_0167_0,user_0167,29.0,2025-02-13,Active
TX_user_0167_1,user_0167,29.0,2025-03-15,Active
TX_user_0167_2,user_0167,29.0,2025-04-14,Active
TX_user_0167_3,user_0167,29.0,2025-05-14,Active
TX_user_0167_4,user_0167,29.0,2025-06-13,Active
TX_user_0167_5,user_0167,29.0,2025-07-13,Active
TX_user_0167_6,user_0167,29.0,2025-08-12,Active
TX_user_0167_7,user_0167,29.0,2025-09-11,Active
TX_user_0167_8,user_0167,29.0,2025-10-11,Active
TX_user_0167_9,user_0167,29.0,2025-11-10,Active
TX_user_0167_10,user_0167,29.0,2025-12-10,Active
TX_user_0168_0,user_0168,29.0,2025-12-06,Active
TX_user_0169_0,user_0169,299.0,2025-10-13,Active
TX_user_0169_1,user_0169,299.0,2025-11-12,Active
TX_user_0169_2,user_0169,299.0,2025-12-12,Active
TX_user_0170_0,user_0170,299.0,2025-11-27,Active
TX_user_0170_1,user_0170,299.0,2025-12-27,Active
TX_user_0171_0,user_0171,29.0,2025-05-08,Active
TX_user_0171_1,user_0171,29.0,2025-06-07,Active
TX_user_0171_2,user_0171,29.0,2025-07-07,Active
TX_user_0171_3,user_0171,29.0,2025-08-06,Active
TX_user_0171_4,user_0171,29.0,2025-09-05,Active
TX_user_0171_5,user_0171,29.0,2025-10-05,Active
TX_user_0171_6,user_0171,29.0,2025-11-04,Active
TX_user_0171_7,user_0171,29.0,2025-12-04,Active
TX_user_0172_0,user_0172,29.0,2025-12-14,Active
TX_user_0173_0,user_0173,79.0,2025-08-19,Active
TX_user_0173_1,user_0173,79.0,2025-09-18,Active
TX_user_0173_2,user_0173,79.0,2025-10-18,Active
TX_user_0173_3,user_0173,79.0,2025-11-17,Active
TX_user_0173_4,user_0173,79.0,2025-12-17,Active
TX_user_0174_0,user_0174,29.0,2025-07-09,Active
TX_user_0174_1,user_0174,29.0,2025-08-08,Active
TX_user_0174_2,user_0174,29.0,2025-09-07,Active
TX_user_0174_3,user_0174,29.0,2025-10-07,Active
TX_user_0174_4,user_0174,29.0,2025-11-06,Active
TX_user_0174_5,user_0174,29.0,2025-12-06,Active
TX_user_0175_0,user_0175,29.0,2025-08-13,Active
TX_user_0175_1,user_0175,29.0,2025-09-12,Active
TX_user_0175_2,user_0175,29.0,2025-10-12,Active
TX_user_0175_3,user_0175,29.0,2025-11-11,Active
TX_user_0175_4,user_0175,29.0,2025-12-11,Active
TX_user_0176_0,user_0176,29.0,2025-10-10,Active
TX_user_0176_1,user_0176,29.0,2025-11-09,Active
TX_user_0176_2,user_0176,29.0,2025-12-09,Active
TX_user_0177_0,user_0177,79.0,2025-05-01,Active
TX_user_0177_1,user_0177,79.0,2025-05-31,Active
TX_user_0177_2,user_0177,79.0,2025-06-30,Active
TX_user_0177_3,user_0177,79.0,2025-07-30,Active
TX_user_0177_4,user_0177,79.0,2025-08-29,Active
TX_user_0177_5,user_0177,79.0,2025-09-28,Active
TX_user_0177_6,user_0177,79.0,2025-10-28,Active
TX_user_0177_7,user_0177,79.0,2025-11-27,Active
TX_user_0177_8,user_0177,79.0,2025-12-27,Active
TX_user_0178_0,user_0178,79.0,2025-04-26,Active
TX_user_0178_1,user_0178,79.0,2025-05-26,Active
TX_user_0178_2,user_0178,79.0,2025-06-25,Active
TX_user_0178_3,user_0178,79.0,2025-07-25,Active
TX_user_0178_4,user_0178,79.0,2025-08-24,Active
TX_user_0178_5,user_0178,79.0,2025-09-23,Active
TX_user_0178_6,user_0178,79.0,2025-10-23,Active
TX_user_0178_7,user_0178,79.0,2025-11-22,Active
TX_user_0178_8,user_0178,79.0,2025-12-22,Active
TX_user_0179_0,user_0179,29.0,2025-08-21,Active
TX_user_0179_1,user_0179,29.0,2025-09-20,Active
TX_user_0179_2,user_0179,29.0,2025-10-20,Active
TX_user_0179_3,user_0179,29.0,2025-11-19,Active
TX_user_0179_4,user_0179,29.0,2025-12-19,Active
TX_user_0180_0,user_0180,29.0,2025-09-16,Active
TX_user_0180_1,user_0180,29.0,2025-10-16,Active
TX_user_0180_2,user_0180,29.0,2025-11-15,Active
TX_user_0180_3,user_0180,29.0,2025-12-15,Active
TX_user_0181_0,user_0181,29.0,2025-12-25,Churned
TX_user_0182_0,user_0182,79.0,2025-07-17,Active
TX_user_0182_1,user_0182,79.0,2025-08-16,Active
TX_user_0182_2,user_0182,79.0,2025-09-15,Active
TX_user_0182_3,user_0182,79.0,2025-10-15,Active
TX_user_0182_4,user_0182,79.0,2025-11-14,Active
TX_user_0182_5,user_0182,79.0,2025-12-14,Active
TX_user_0183_0,user_0183,29.0,2025-05-17,Active
TX_user_0183_1,user_0183,29.0,2025-06-16,Active
TX_user_0183_2,user_0183,29.0,2025-07-16,Churned
TX_user_0184_0,user_0184,29.0,2025-11-14,Active
TX_user_0184_1,user_0184,29.0,2025-12-14,Active
TX_user_0185_0,user_0185,79.0,2025-06-14,Active
TX_user_0185_1,user_0185,79.0,2025-07-14,Active
TX_user_0185_2,user_0185,79.0,2025-08-13,Active
TX_user_0185_3,user_0185,79.0,2025-09-12,Active
TX_user_0185_4,user_0185,79.0,2025-10-12,Active
TX_user_0185_5,user_0185,79.0,2025-11-11,Active
TX_user_0185_6,user_0185,79.0,2025-12-11,Active
TX_user_0186_0,user_0186,29.0,2025-08-13,Active
TX_user_0186_1,user_0186,29.0,2025-09-12,Active
TX_user_0186_2,user_0186,29.0,2025-10-12,Active
TX_user_0186_3,user_0186,29.0,2025-11-11,Active
TX_user_0186_4,user_0186,29.0,2025-12-11,Active
TX_user_0187_0,user_0187,79.0,2025-11-03,Active
TX_user_0187_1,user_0187,79.0,2025-12-03,Active
TX_user_0188_0,user_0188,29.0,2025-08-22,Active
TX_user_0188_1,user_0188,29.0,2025-09-21,Active
TX_user_0188_2,user_0188,29.0,2025-10-21,Active
TX_user_0188_3,user_0188,29.0,2025-11-20,Active
TX_user_0188_4,user_0188,29.0,2025-12-20,Active
TX_user_0189_0,user_0189,29.0,2025-06-21,Active
TX_user_0189_1,user_0189,29.0,2025-07-21,Active
TX_user_0189_2,user_0189,29.0,2025-08-20,Active
TX_user_0189_3,user_0189,29.0,2025-09-19,Active
TX_user_0189_4,user_0189,29.0,2025-10-19,Active
TX_user_0189_5,user_0189,29.0,2025-11-18,Active
TX_user_0189_6,user_0189,29.0,2025-12-18,Active
TX_user_0190_0,user_0190,29.0,2025-06-01,Active
TX_user_0190_1,user_0190,29.0,2025-07-01,Churned
TX_user_0191_0,user_0191,79.0,2025-11-11,Active
TX_user_0191_1,user_0191,79.0,2025-12-11,Active
TX_user_0192_0,user_0192,299.0,2025-06-09,Active
TX_user_0192_1,user_0192,299.0,2025-07-09,Active
TX_user_0192_2,user_0192,299.0,2025-08-08,Active
TX_user_0192_3,user_0192,299.0,2025-09-07,Active
TX_user_0192_4,user_0192,299.0,2025-10-07,Active
TX_user_0192_5,user_0192,299.0,2025-11-06,Active
TX_user_0192_6,user_0192,299.0,2025-12-06,Active
TX_user_0193_0,user_0193,79.0,2025-04-06,Active
TX_user_0193_1,user_0193,79.0,2025-05-06,Active
TX_user_0193_2,user_0193,79.0,2025-06-05,Active
TX_user_0193_3,user_0193,79.0,2025-07-05,Active
TX_user_0193_4,user_0193,79.0,2025-08-04,Active
TX_user_0193_5,user_0193,79.0,2025-09-03,Active
TX_user_0193_6,user_0193,79.0,2025-10-03,Active
TX_user_0193_7,user_0193,79.0,2025-11-02,Active
TX_user_0193_8,user_0193,79.0,2025-12-02,Active
TX_user_0194_0,user_0194,29.0,2025-08-21,Active
TX_user_0194_1,user_0194,29.0,2025-09-20,Active
TX_user_0194_2,user_0194,29.0,2025-10-20,Active
TX_user_0194_3,user_0194,29.0,2025-11-19,Active
TX_user_0194_4,user_0194,29.0,2025-12-19,Active
TX_user_0195_0,user_0195,79.0,2025-06-29,Active
TX_user_0195_1,user_0195,79.0,2025-07-29,Churned
TX_user_0196_0,user_0196,29.0,2025-04-23,Active
TX_user_0196_1,user_0196,29.0,2025-05-23,Active
TX_user_0196_2,user_0196,29.0,2025-06-22,Active
TX_user_0196_3,user_0196,29.0,2025-07-22,Active
TX_user_0196_4,user_0196,29.0,2025-08-21,Active
TX_user_0196_5,user_0196,29.0,2025-09-20,Active
TX_user_0196_6,user_0196,29.0,2025-10-20,Active
TX_user_0196_7,user_0196,29.0,2025-11-19,Active
TX_user_0196_8,user_0196,29.0,2025-12-19,Active
TX_user_0197_0,user_0197,29.0,2025-11-14,Active
TX_user_0197_1,user_0197,29.0,2025-12-14,Active
TX_user_0198_0,user_0198,299.0,2025-02-21,Active
TX_user_0198_1,user_0198,299.0,2025-03-23,Active
TX_user_0198_2,user_0198,299.0,2025-04-22,Active
TX_user_0198_3,user_0198,299.0,2025-05-22,Active
TX_user_0198_4,user_0198,299.0,2025-06-21,Active
TX_user_0198_5,user_0198,299.0,2025-07-21,Active
TX_user_0198_6,user_0198,299.0,2025-08-20,Active
TX_user_0198_7,user_0198,299.0,2025-09-19,Active
TX_user_0198_8,user_0198,299.0,2025-10-19,Active
TX_user_0198_9,user_0198,299.0,2025-11-18,Active
TX_user_0198_10,user_0198,299.0,2025-12-18,Active
TX_user_0199_0,user_0199,29.0,2025-09-25,Active
TX_user_0199_1,user_0199,29.0,2025-10-25,Active
TX_user_0199_2,user_0199,29.0,2025-11-24,Active
TX_user_0199_3,user_0199,29.0,2025-12-24,Active
TX_user_0200_0,user_0200,29.0,2025-10-22,Active
TX_user_0200_1,user_0200,29.0,2025-11-21,Active
TX_user_0200_2,user_0200,29.0,2025-12-21,Active
TX_user_0201_0,user_0201,29.0,2025-04-23,Active
TX_user_0201_1,user_0201,29.0,2025-05-23,Active
TX_user_0201_2,user_0201,29.0,2025-06-22,Active
TX_user_0201_3,user_0201,29.0,2025-07-22,Active
TX_user_0201_4,user_0201,29.0,2025-08-21,Active
TX_user_0201_5,user_0201,29.0,2025-09-20,Active
TX_user_0201_6,user_0201,29.0,2025-10-20,Active
TX_user_0201_7,user_0201,29.0,2025-11-19,Active
TX_user_0201_8,user_0201,29.0,2025-12-19,Active
TX_user_0202_0,user_0202,29.0,2025-04-11,Active
TX_user_0202_1,user_0202,29.0,2025-05-11,Active
TX_user_0202_2,user_0202,29.0,2025-06-10,Active
TX_user_0202_3,user_0202,29.0,2025-07-10,Active
TX_user_0202_4,user_0202,29.0,2025-08-09,Active
TX_user_0202_5,user_0202,29.0,2025-09-08,Active
TX_user_0202_6,user_0202,29.0,2025-10-08,Active
TX_user_0202_7,user_0202,29.0,2025-11-07,Active
TX_user_0202_8,user_0202,29.0,2025-12-07,Active
TX_user_0203_0,user_0203,29.0,2025-04-23,Active
TX_user_0203_1,user_0203,29.0,2025-05-23,Active
TX_user_0203_2,user_0203,29.0,2025-06-22,Active
TX_user_0203_3,user_0203,29.0,2025-07-22,Active
TX_user_0203_4,user_0203,29.0,2025-08-21,Active
TX_user_0203_5,user_0203,29.0,2025-09-20,Active
TX_user_0203_6,user_0203,29.0,2025-10-20,Active
TX_user_0203_7,user_0203,29.0,2025-11-19,Active
TX_user_0203_8,user_0203,29.0,2025-12-19,Active
TX_user_0204_0,user_0204,79.0,2025-03-22,Active
TX_user_0204_1,user_0204,79.0,2025-04-21,Active
TX_user_0204_2,user_0204,79.0,2025-05-21,Active
TX_user_0204_3,user_0204,79.0,2025-06-20,Active
TX_user_0204_4,user_0204,79.0,2025-07-20,Active
TX_user_0204_5,user_0204,79.0,2025-08-19,Active
TX_user_0204_6,user_0204,79.0,2025-09-18,Active
TX_user_0204_7,user_0204,79.0,2025-10-18,Active
TX_user_0204_8,user_0204,79.0,2025-11-17,Active
TX_user_0204_9,user_0204,79.0,2025-12-17,Active
TX_user_0205_0,user_0205,29.0,2025-07-06,Active
TX_user_0205_1,user_0205,29.0,2025-08-05,Active
TX_user_0205_2,user_0205,29.0,2025-09-04,Active
TX_user_0205_3,user_0205,29.0,2025-10-04,Active
TX_user_0205_4,user_0205,29.0,2025-11-03,Active
TX_user_0205_5,user_0205,29.0,2025-12-03,Active
TX_user_0206_0,user_0206,299.0,2025-04-23,Active
TX_user_0206_1,user_0206,299.0,2025-05-23,Active
TX_user_0206_2,user_0206,299.0,2025-06-22,Active
TX_user_0206_3,user_0206,299.0,2025-07-22,Active
TX_user_0206_4,user_0206,299.0,2025-08-21,Active
TX_user_0206_5,user_0206,299.0,2025-09-20,Active
TX_user_0206_6,user_0206,299.0,2025-10-20,Active
TX_user_0206_7,user_0206,299.0,2025-11-19,Active
TX_user_0206_8,user_0206,299.0,2025-12-19,Active
TX_user_0207_0,user_0207,79.0,2025-01-02,Active
TX_user_0207_1,user_0207,79.0,2025-02-01,Active
TX_user_0207_2,user_0207,79.0,2025-03-03,Active
TX_user_0207_3,user_0207,79.0,2025-04-02,Active
TX_user_0207_4,user_0207,79.0,2025-05-02,Active
TX_user_0207_5,user_0207,79.0,2025-06-01,Active
TX_user_0207_6,user_0207,79.0,2025-07-01,Active
TX_user_0207_7,user_0207,79.0,2025-07-31,Active
TX_user_0207_8,user_0207,79.0,2025-08-30,Active
TX_user_0207_9,user_0207,79.0,2025-09-29,Active
TX_user_0207_10,user_0207,79.0,2025-10-29,Active
TX_user_0207_11,user_0207,79.0,2025-11-28,Active
TX_user_0208_0,user_0208,29.0,2025-05-10,Active
TX_user_0208_1,user_0208,29.0,2025-06-09,Active
TX_user_0208_2,user_0208,29.0,2025-07-09,Active
TX_user_0208_3,user_0208,29.0,2025-08-08,Active
TX_user_0208_4,user_0208,29.0,2025-09-07,Active
TX_user_0208_5,user_0208,29.0,2025-10-07,Active
TX_user_0208_6,user_0208,29.0,2025-11-06,Active
TX_user_0208_7,user_0208,29.0,2025-12-06,Active
TX_user_0209_0,user_0209,29.0,2025-08-08,Active
TX_user_0209_1,user_0209,29.0,2025-09-07,Active
TX_user_0209_2,user_0209,29.0,2025-10-07,Active
TX_user_0209_3,user_0209,29.0,2025-11-06,Active
TX_user_0209_4,user_0209,29.0,2025-12-06,Active
TX_user_0210_0,user_0210,29.0,2025-02-23,Active
TX_user_0210_1,user_0210,29.0,2025-03-25,Active
TX_user_0210_2,user_0210,29.0,2025-04-24,Active
TX_user_0210_3,user_0210,29.0,2025-05-24,Active
TX_user_0210_4,user_0210,29.0,2025-06-23,Active
TX_user_0210_5,user_0210,29.0,2025-07-23,Active
TX_user_0210_6,user_0210,29.0,2025-08-22,Active
TX_user_0210_7,user_0210,29.0,2025-09-21,Active
TX_user_0210_8,user_0210,29.0,2025-10-21,Active
TX_user_0210_9,user_0210,29.0,2025-11-20,Active
TX_user_0210_10,user_0210,29.0,2025-12-20,Active
TX_user_0211_0,user_0211,79.0,2025-12-09,Active
TX_user_0212_0,user_0212,29.0,2025-08-12,Active
TX_user_0212_1,user_0212,29.0,2025-09-11,Active
TX_user_0212_2,user_0212,29.0,2025-10-11,Churned
TX_user_0213_0,user_0213,79.0,2025-08-13,Active
TX_user_0213_1,user_0213,79.0,2025-09-12,Active
TX_user_0213_2,user_0213,79.0,2025-10-12,Active
TX_user_0213_3,user_0213,79.0,2025-11-11,Active
TX_user_0213_4,user_0213,79.0,2025-12-11,Active
TX_user_0214_0,user_0214,29.0,2025-05-06,Active
TX_user_0214_1,user_0214,29.0,2025-06-05,Active
TX_user_0214_2,user_0214,29.0,2025-07-05,Active
TX_user_0214_3,user_0214,29.0,2025-08-04,Active
TX_user_0214_4,user_0214,29.0,2025-09-03,Active
TX_user_0214_5,user_0214,29.0,2025-10-03,Active
TX_user_0214_6,user_0214,29.0,2025-11-02,Active
TX_user_0214_7,user_0214,29.0,2025-12-02,Active
TX_user_0215_0,user_0215,79.0,2025-05-10,Active
TX_user_0215_1,user_0215,79.0,2025-06-09,Active
TX_user_0215_2,user_0215,79.0,2025-07-09,Active
TX_user_0215_3,user_0215,79.0,2025-08-08,Active
TX_user_0215_4,user_0215,79.0,2025-09-07,Active
TX_user_0215_5,user_0215,79.0,2025-10-07,Active
TX_user_0215_6,user_0215,79.0,2025-11-06,Active
TX_user_0215_7,user_0215,79.0,2025-12-06,Active
TX_user_0216_0,user_0216,29.0,2025-02-22,Active
TX_user_0216_1,user_0216,29.0,2025-03-24,Active
TX_user_0216_2,user_0216,29.0,2025-04-23,Active
TX_user_0216_3,user_0216,29.0,2025-05-23,Active
TX_user_0216_4,user_0216,29.0,2025-06-22,Active
TX_user_0216_5,user_0216,29.0,2025-07-22,Active
TX_user_0216_6,user_0216,29.0,2025-08-21,Active
TX_user_0216_7,user_0216,29.0,2025-09-20,Active
TX_user_0216_8,user_0216,29.0,2025-10-20,Active
TX_user_0216_9,user_0216,29.0,2025-11-19,Active
TX_user_0216_10,user_0216,29.0,2025-12-19,Active
TX_user_0217_0,user_0217,29.0,2025-06-21,Active
TX_user_0217_1,user_0217,29.0,2025-07-21,Active
TX_user_0217_2,user_0217,29.0,2025-08-20,Active
TX_user_0217_3,user_0217,29.0,2025-09-19,Active
TX_user_0217_4,user_0217,29.0,2025-10-19,Active
TX_user_0217_5,user_0217,29.0,2025-11-18,Active
TX_user_0217_6,user_0217,29.0,2025-12-18,Active
TX_user_0218_0,user_0218,299.0,2025-08-06,Active
TX_user_0218_1,user_0218,299.0,2025-09-05,Active
TX_user_0218_2,user_0218,299.0,2025-10-05,Active
TX_user_0218_3,user_0218,299.0,2025-11-04,Active
TX_user_0218_4,user_0218,299.0,2025-12-04,Active
TX_user_0219_0,user_0219,79.0,2025-06-09,Active
TX_user_0219_1,user_0219,79.0,2025-07-09,Active
TX_user_0219_2,user_0219,79.0,2025-08-08,Active
TX_user_0219_3,user_0219,79.0,2025-09-07,Active
TX_user_0219_4,user_0219,79.0,2025-10-07,Active
TX_user_0219_5,user_0219,79.0,2025-11-06,Active
TX_user_0219_6,user_0219,79.0,2025-12-06,Active
TX_user_0220_0,user_0220,29.0,2025-07-17,Active
TX_user_0220_1,user_0220,29.0,2025-08-16,Active
TX_user_0220_2,user_0220,29.0,2025-09-15,Active
TX_user_0220_3,user_0220,29.0,2025-10-15,Active
TX_user_0220_4,user_0220,29.0,2025-11-14,Active
TX_user_0220_5,user_0220,29.0,2025-12-14,Active
TX_user_0221_0,user_0221,299.0,2025-09-04,Active
TX_user_0221_1,user_0221,299.0,2025-10-04,Active
TX_user_0221_2,user_0221,299.0,2025-11-03,Active
TX_user_0221_3,user_0221,299.0,2025-12-03,Active
TX_user_0222_0,user_0222,29.0,2025-11-20,Active
TX_user_0222_1,user_0222,29.0,2025-12-20,Active
TX_user_0223_0,user_0223,299.0,2025-07-22,Active
TX_user_0223_1,user_0223,299.0,2025-08-21,Active
TX_user_0223_2,user_0223,299.0,2025-09-20,Active
TX_user_0223_3,user_0223,299.0,2025-10-20,Active
TX_user_0223_4,user_0223,299.0,2025-11-19,Active
TX_user_0223_5,user_0223,299.0,2025-12-19,Active
TX_user_0224_0,user_0224,79.0,2025-07-03,Active
TX_user_0224_1,user_0224,79.0,2025-08-02,Active
TX_user_0224_2,user_0224,79.0,2025-09-01,Active
TX_user_0224_3,user_0224,79.0,2025-10-01,Active
TX_user_0224_4,user_0224,79.0,2025-10-31,Active
TX_user_0224_5,user_0224,79.0,2025-11-30,Active
TX_user_0224_6,user_0224,79.0,2025-12-30,Active
TX_user_0225_0,user_0225,29.0,2025-05-03,Active
TX_user_0225_1,user_0225,29.0,2025-06-02,Active
TX_user_0225_2,user_0225,29.0,2025-07-02,Active
TX_user_0225_3,user_0225,29.0,2025-08-01,Active
TX_user_0225_4,user_0225,29.0,2025-08-31,Active
TX_user_0225_5,user_0225,29.0,2025-09-30,Active
TX_user_0225_6,user_0225,29.0,2025-10-30,Active
TX_user_0225_7,user_0225,29.0,2025-11-29,Active
TX_user_0225_8,user_0225,29.0,2025-12-29,Active
TX_user_0226_0,user_0226,29.0,2025-09-12,Active
TX_user_0226_1,user_0226,29.0,2025-10-12,Active
TX_user_0226_2,user_0226,29.0,2025-11-11,Active
TX_user_0226_3,user_0226,29.0,2025-12-11,Active
TX_user_0227_0,user_0227,29.0,2025-10-21,Active
TX_user_0227_1,user_0227,29.0,2025-11-20,Active
TX_user_0227_2,user_0227,29.0,2025-12-20,Active
TX_user_0228_0,user_0228,79.0,2025-10-07,Active
TX_user_0228_1,user_0228,79.0,2025-11-06,Active
TX_user_0228_2,user_0228,79.0,2025-12-06,Active
TX_user_0229_0,user_0229,79.0,2025-11-21,Active
TX_user_0229_1,user_0229,79.0,2025-12-21,Active
TX_user_0230_0,user_0230,29.0,2025-04-08,Active
TX_user_0230_1,user_0230,29.0,2025-05-08,Active
TX_user_0230_2,user_0230,29.0,2025-06-07,Active
TX_user_0230_3,user_0230,29.0,2025-07-07,Active
TX_user_0230_4,user_0230,29.0,2025-08-06,Active
TX_user_0230_5,user_0230,29.0,2025-09-05,Active
TX_user_0230_6,user_0230,29.0,2025-10-05,Active
TX_user_0230_7,user_0230,29.0,2025-11-04,Active
TX_user_0230_8,user_0230,29.0,2025-12-04,Active
TX_user_0231_0,user_0231,29.0,2025-07-17,Active
TX_user_0231_1,user_0231,29.0,2025-08-16,Active
TX_user_0231_2,user_0231,29.0,2025-09-15,Active
TX_user_0231_3,user_0231,29.0,2025-10-15,Active
TX_user_0231_4,user_0231,29.0,2025-11-14,Active
TX_user_0231_5,user_0231,29.0,2025-12-14,Active
TX_user_0232_0,user_0232,79.0,2025-08-28,Active
TX_user_0232_1,user_0232,79.0,2025-09-27,Active
TX_user_0232_2,user_0232,79.0,2025-10-27,Active
TX_user_0232_3,user_0232,79.0,2025-11-26,Active
TX_user_0232_4,user_0232,79.0,2025-12-26,Active
TX_user_0233_0,user_0233,299.0,2025-05-24,Active
TX_user_0233_1,user_0233,299.0,2025-06-23,Active
TX_user_0233_2,user_0233,299.0,2025-07-23,Active
TX_user_0233_3,user_0233,299.0,2025-08-22,Active
TX_user_0233_4,user_0233,299.0,2025-09-21,Active
TX_user_0233_5,user_0233,299.0,2025-10-21,Active
TX_user_0233_6,user_0233,299.0,2025-11-20,Active
TX_user_0233_7,user_0233,299.0,2025-12-20,Active
TX_user_0234_0,user_0234,79.0,2025-04-07,Active
TX_user_0234_1,user_0234,79.0,2025-05-07,Active
TX_user_0234_2,user_0234,79.0,2025-06-06,Active
TX_user_0234_3,user_0234,79.0,2025-07-06,Active
TX_user_0234_4,user_0234,79.0,2025-08-05,Active
TX_user_0234_5,user_0234,79.0,2025-09-04,Active
TX_user_0234_6,user_0234,79.0,2025-10-04,Active
TX_user_0234_7,user_0234,79.0,2025-11-03,Active
TX_user_0234_8,user_0234,79.0,2025-12-03,Active
TX_user_0235_0,user_0235,29.0,2025-07-20,Active
TX_user_0235_1,user_0235,29.0,2025-08-19,Active
TX_user_0235_2,user_0235,29.0,2025-09-18,Active
TX_user_0235_3,user_0235,29.0,2025-10-18,Active
TX_user_0235_4,user_0235,29.0,2025-11-17,Active
TX_user_0235_5,user_0235,29.0,2025-12-17,Active
TX_user_0236_0,user_0236,29.0,2025-05-04,Active
TX_user_0236_1,user_0236,29.0,2025-06-03,Active
TX_user_0236_2,user_0236,29.0,2025-07-03,Active
TX_user_0236_3,user_0236,29.0,2025-08-02,Active
TX_user_0236_4,user_0236,29.0,2025-09-01,Active
TX_user_0236_5,user_0236,29.0,2025-10-01,Active
TX_user_0236_6,user_0236,29.0,2025-10-31,Active
TX_user_0236_7,user_0236,29.0,2025-11-30,Active
TX_user_0236_8,user_0236,29.0,2025-12-30,Active
TX_user_0237_0,user_0237,29.0,2025-07-06,Active
TX_user_0237_1,user_0237,29.0,2025-08-05,Active
TX_user_0237_2,user_0237,29.0,2025-09-04,Active
TX_user_0237_3,user_0237,29.0,2025-10-04,Active
TX_user_0237_4,user_0237,29.0,2025-11-03,Active
TX_user_0237_5,user_0237,29.0,2025-12-03,Active
TX_user_0238_0,user_0238,299.0,2025-11-22,Active
TX_user_0238_1,user_0238,299.0,2025-12-22,Active
TX_user_0239_0,user_0239,29.0,2025-12-15,Active
TX_user_0240_0,user_0240,79.0,2025-09-16,Active
TX_user_0240_1,user_0240,79.0,2025-10-16,Active
TX_user_0240_2,user_0240,79.0,2025-11-15,Active
TX_user_0240_3,user_0240,79.0,2025-12-15,Active
TX_user_0241_0,user_0241,29.0,2025-05-28,Active
TX_user_0241_1,user_0241,29.0,2025-06-27,Active
TX_user_0241_2,user_0241,29.0,2025-07-27,Active
TX_user_0241_3,user_0241,29.0,2025-08-26,Active
TX_user_0241_4,user_0241,29.0,2025-09-25,Active
TX_user_0241_5,user_0241,29.0,2025-10-25,Active
TX_user_0241_6,user_0241,29.0,2025-11-24,Active
TX_user_0241_7,user_0241,29.0,2025-12-24,Active
TX_user_0242_0,user_0242,79.0,2025-09-09,Active
TX_user_0242_1,user_0242,79.0,2025-10-09,Active
TX_user_0242_2,user_0242,79.0,2025-11-08,Active
TX_user_0242_3,user_0242,79.0,2025-12-08,Active
TX_user_0243_0,user_0243,79.0,2025-12-12,Active
TX_user_0244_0,user_0244,79.0,2025-05-27,Active
TX_user_0244_1,user_0244,79.0,2025-06-26,Active
TX_user_0244_2,user_0244,79.0,2025-07-26,Active
TX_user_0244_3,user_0244,79.0,2025-08-25,Active
TX_user_0244_4,user_0244,79.0,2025-09-24,Active
TX_user_0244_5,user_0244,79.0,2025-10-24,Active
TX_user_0244_6,user_0244,79.0,2025-11-23,Active
TX_user_0244_7,user_0244,79.0,2025-12-23,Active
TX_user_0245_0,user_0245,29.0,2025-05-28,Active
TX_user_0245_1,user_0245,29.0,2025-06-27,Active
TX_user_0245_2,user_0245,29.0,2025-07-27,Active
TX_user_0245_3,user_0245,29.0,2025-08-26,Active
TX_user_0245_4,user_0245,29.0,2025-09-25,Active
TX_user_0245_5,user_0245,29.0,2025-10-25,Active
TX_user_0245_6,user_0245,29.0,2025-11-24,Active
TX_user_0245_7,user_0245,29.0,2025-12-24,Active
TX_user_0246_0,user_0246,29.0,2025-12-18,Active
TX_user_0247_0,user_0247,29.0,2025-07-18,Active
TX_user_0247_1,user_0247,29.0,2025-08-17,Active
TX_user_0247_2,user_0247,29.0,2025-09-16,Active
TX_user_0247_3,user_0247,29.0,2025-10-16,Active
TX_user_0247_4,user_0247,29.0,2025-11-15,Active
TX_user_0247_5,user_0247,29.0,2025-12-15,Active
TX_user_0248_0,user_0248,299.0,2025-11-04,Active
TX_user_0248_1,user_0248,299.0,2025-12-04,Active
TX_user_0249_0,user_0249,299.0,2025-05-08,Active
TX_user_0249_1,user_0249,299.0,2025-06-07,Active
TX_user_0249_2,user_0249,299.0,2025-07-07,Active
TX_user_0249_3,user_0249,299.0,2025-08-06,Active
TX_user_0249_4,user_0249,299.0,2025-09-05,Active
TX_user_0249_5,user_0249,299.0,2025-10-05,Active
TX_user_0249_6,user_0249,299.0,2025-11-04,Active
TX_user_0249_7,user_0249,299.0,2025-12-04,Active
TX_user_0250_0,user_0250,79.0,2025-02-08,Active
TX_user_0250_1,user_0250,79.0,2025-03-10,Active
TX_user_0250_2,user_0250,79.0,2025-04-09,Active
TX_user_0250_3,user_0250,79.0,2025-05-09,Active
TX_user_0250_4,user_0250,79.0,2025-06-08,Active
TX_user_0250_5,user_0250,79.0,2025-07-08,Active
TX_user_0250_6,user_0250,79.0,2025-08-07,Active
TX_user_0250_7,user_0250,79.0,2025-09-06,Active
TX_user_0250_8,user_0250,79.0,2025-10-06,Active
TX_user_0250_9,user_0250,79.0,2025-11-05,Active
TX_user_0250_10,user_0250,79.0,2025-12-05,Active
TX_user_0251_0,user_0251,79.0,2025-12-04,Active
TX_user_0252_0,user_0252,79.0,2025-12-26,Active
TX_user_0253_0,user_0253,29.0,2025-05-09,Active
TX_user_0253_1,user_0253,29.0,2025-06-08,Active
TX_user_0253_2,user_0253,29.0,2025-07-08,Active
TX_user_0253_3,user_0253,29.0,2025-08-07,Active
TX_user_0253_4,user_0253,29.0,2025-09-06,Active
TX_user_0253_5,user_0253,29.0,2025-10-06,Active
TX_user_0253_6,user_0253,29.0,2025-11-05,Active
TX_user_0253_7,user_0253,29.0,2025-12-05,Active
TX_user_0254_0,user_0254,299.0,2025-09-24,Active
TX_user_0254_1,user_0254,299.0,2025-10-24,Active
TX_user_0254_2,user_0254,299.0,2025-11-23,Active
TX_user_0254_3,user_0254,299.0,2025-12-23,Active
TX_user_0255_0,user_0255,29.0,2025-05-31,Active
TX_user_0255_1,user_0255,29.0,2025-06-30,Active
TX_user_0255_2,user_0255,29.0,2025-07-30,Active
TX_user_0255_3,user_0255,29.0,2025-08-29,Active
TX_user_0255_4,user_0255,29.0,2025-09-28,Active
TX_user_0255_5,user_0255,29.0,2025-10-28,Churned
TX_user_0256_0,user_0256,29.0,2025-10-25,Active
TX_user_0256_1,user_0256,29.0,2025-11-24,Active
TX_user_0256_2,user_0256,29.0,2025-12-24,Active
TX_user_0257_0,user_0257,79.0,2025-04-09,Active
TX_user_0257_1,user_0257,79.0,2025-05-09,Active
TX_user_0257_2,user_0257,79.0,2025-06-08,Active
TX_user_0257_3,user_0257,79.0,2025-07-08,Active
TX_user_0257_4,user_0257,79.0,2025-08-07,Active
TX_user_0257_5,user_0257,79.0,2025-09-06,Active
TX_user_0257_6,user_0257,79.0,2025-10-06,Active
TX_user_0257_7,user_0257,79.0,2025-11-05,Active
TX_user_0257_8,user_0257,79.0,2025-12-05,Active
TX_user_0258_0,user_0258,29.0,2025-09-20,Active
TX_user_0258_1,user_0258,29.0,2025-10-20,Active
TX_user_0258_2,user_0258,29.0,2025-11-19,Active
TX_user_0258_3,user_0258,29.0,2025-12-19,Active
TX_user_0259_0,user_0259,29.0,2025-09-09,Active
TX_user_0259_1,user_0259,29.0,2025-10-09,Active
TX_user_0259_2,user_0259,29.0,2025-11-08,Active
TX_user_0259_3,user_0259,29.0,2025-12-08,Active
TX_user_0260_0,user_0260,79.0,2025-05-24,Active
TX_user_0260_1,user_0260,79.0,2025-06-23,Active
TX_user_0260_2,user_0260,79.0,2025-07-23,Active
TX_user_0260_3,user_0260,79.0,2025-08-22,Active
TX_user_0260_4,user_0260,79.0,2025-09-21,Active
TX_user_0260_5,user_0260,79.0,2025-10-21,Active
TX_user_0260_6,user_0260,79.0,2025-11-20,Active
TX_user_0260_7,user_0260,79.0,2025-12-20,Active
TX_user_0261_0,user_0261,29.0,2025-12-12,Active
TX_user_0262_0,user_0262,79.0,2025-04-22,Active
TX_user_0262_1,user_0262,79.0,2025-05-22,Active
TX_user_0262_2,user_0262,79.0,2025-06-21,Active
TX_user_0262_3,user_0262,79.0,2025-07-21,Active
TX_user_0262_4,user_0262,79.0,2025-08-20,Active
TX_user_0262_5,user_0262,79.0,2025-09-19,Active
TX_user_0262_6,user_0262,79.0,2025-10-19,Active
TX_user_0262_7,user_0262,79.0,2025-11-18,Active
TX_user_0262_8,user_0262,79.0,2025-12-18,Active
TX_user_0263_0,user_0263,29.0,2025-03-01,Active
TX_user_0263_1,user_0263,29.0,2025-03-31,Active
TX_user_0263_2,user_0263,29.0,2025-04-30,Active
TX_user_0263_3,user_0263,29.0,2025-05-30,Active
TX_user_0263_4,user_0263,29.0,2025-06-29,Active
TX_user_0263_5,user_0263,29.0,2025-07-29,Active
TX_user_0263_6,user_0263,29.0,2025-08-28,Active
TX_user_0263_7,user_0263,29.0,2025-09-27,Active
TX_user_0263_8,user_0263,29.0,2025-10-27,Active
TX_user_0263_9,user_0263,29.0,2025-11-26,Active
TX_user_0263_10,user_0263,29.0,2025-12-26,Active
TX_user_0264_0,user_0264,29.0,2025-01-02,Active
TX_user_0264_1,user_0264,29.0,2025-02-01,Active
TX_user_0264_2,user_0264,29.0,2025-03-03,Active
TX_user_0264_3,user_0264,29.0,2025-04-02,Active
TX_user_0264_4,user_0264,29.0,2025-05-02,Active
TX_user_0264_5,user_0264,29.0,2025-06-01,Active
TX_user_0264_6,user_0264,29.0,2025-07-01,Active
TX_user_0264_7,user_0264,29.0,2025-07-31,Active
TX_user_0264_8,user_0264,29.0,2025-08-30,Active
TX_user_0264_9,user_0264,29.0,2025-09-29,Active
TX_user_0264_10,user_0264,29.0,2025-10-29,Active
TX_user_0264_11,user_0264,29.0,2025-11-28,Active
TX_user_0265_0,user_0265,29.0,2025-10-31,Active
TX_user_0265_1,user_0265,29.0,2025-11-30,Active
TX_user_0265_2,user_0265,29.0,2025-12-30,Active
TX_user_0266_0,user_0266,29.0,2025-09-11,Active
TX_user_0266_1,user_0266,29.0,2025-10-11,Active
TX_user_0266_2,user_0266,29.0,2025-11-10,Active
TX_user_0266_3,user_0266,29.0,2025-12-10,Active
TX_user_0267_0,user_0267,79.0,2025-05-20,Active
TX_user_0267_1,user_0267,79.0,2025-06-19,Active
TX_user_0267_2,user_0267,79.0,2025-07-19,Active
TX_user_0267_3,user_0267,79.0,2025-08-18,Active
TX_user_0267_4,user_0267,79.0,2025-09-17,Active
TX_user_0267_5,user_0267,79.0,2025-10-17,Active
TX_user_0267_6,user_0267,79.0,2025-11-16,Active
TX_user_0267_7,user_0267,79.0,2025-12-16,Active
TX_user_0268_0,user_0268,29.0,2025-02-06,Active
TX_user_0268_1,user_0268,29.0,2025-03-08,Active
TX_user_0268_2,user_0268,29.0,2025-04-07,Active
TX_user_0268_3,user_0268,29.0,2025-05-07,Active
TX_user_0268_4,user_0268,29.0,2025-06-06,Active
TX_user_0268_5,user_0268,29.0,2025-07-06,Active
TX_user_0268_6,user_0268,29.0,2025-08-05,Active
TX_user_0268_7,user_0268,29.0,2025-09-04,Active
TX_user_0268_8,user_0268,29.0,2025-10-04,Active
TX_user_0268_9,user_0268,29.0,2025-11-03,Active
TX_user_0268_10,user_0268,29.0,2025-12-03,Active
TX_user_0269_0,user_0269,79.0,2025-06-09,Active
TX_user_0269_1,user_0269,79.0,2025-07-09,Active
TX_user_0269_2,user_0269,79.0,2025-08-08,Active
TX_user_0269_3,user_0269,79.0,2025-09-07,Active
TX_user_0269_4,user_0269,79.0,2025-10-07,Active
TX_user_0269_5,user_0269,79.0,2025-11-06,Churned
TX_user_0270_0,user_0270,29.0,2025-01-09,Active
TX_user_0270_1,user_0270,29.0,2025-02-08,Active
TX_user_0270_2,user_0270,29.0,2025-03-10,Active
TX_user_0270_3,user_0270,29.0,2025-04-09,Active
TX_user_0270_4,user_0270,29.0,2025-05-09,Active
TX_user_0270_5,user_0270,29.0,2025-06-08,Active
TX_user_0270_6,user_0270,29.0,2025-07-08,Active
TX_user_0270_7,user_0270,29.0,2025-08-07,Active
TX_user_0270_8,user_0270,29.0,2025-09-06,Active
TX_user_0270_9,user_0270,29.0,2025-10-06,Active
TX_user_0270_10,user_0270,29.0,2025-11-05,Active
TX_user_0270_11,user_0270,29.0,2025-12-05,Active
TX_user_0271_0,user_0271,79.0,2025-08-21,Active
TX_user_0271_1,user_0271,79.0,2025-09-20,Active
TX_user_0271_2,user_0271,79.0,2025-10-20,Active
TX_user_0271_3,user_0271,79.0,2025-11-19,Active
TX_user_0271_4,user_0271,79.0,2025-12-19,Active
TX_user_0272_0,user_0272,299.0,2025-04-09,Active
TX_user_0272_1,user_0272,299.0,2025-05-09,Active
TX_user_0272_2,user_0272,299.0,2025-06-08,Active
TX_user_0272_3,user_0272,299.0,2025-07-08,Active
TX_user_0272_4,user_0272,299.0,2025-08-07,Active
TX_user_0272_5,user_0272,299.0,2025-09-06,Churned
TX_user_0273_0,user_0273,79.0,2025-05-27,Active
TX_user_0273_1,user_0273,79.0,2025-06-26,Active
TX_user_0273_2,user_0273,79.0,2025-07-26,Active
TX_user_0273_3,user_0273,79.0,2025-08-25,Active
TX_user_0273_4,user_0273,79.0,2025-09-24,Active
TX_user_0273_5,user_0273,79.0,2025-10-24,Active
TX_user_0273_6,user_0273,79.0,2025-11-23,Active
TX_user_0273_7,user_0273,79.0,2025-12-23,Active
TX_user_0274_0,user_0274,29.0,2025-10-31,Active
TX_user_0274_1,user_0274,29.0,2025-11-30,Active
TX_user_0274_2,user_0274,29.0,2025-12-30,Active
TX_user_0275_0,user_0275,29.0,2025-07-27,Active
TX_user_0275_1,user_0275,29.0,2025-08-26,Active
TX_user_0275_2,user_0275,29.0,2025-09-25,Active
TX_user_0275_3,user_0275,29.0,2025-10-25,Active
TX_user_0275_4,user_0275,29.0,2025-11-24,Active
TX_user_0275_5,user_0275,29.0,2025-12-24,Active
TX_user_0276_0,user_0276,29.0,2025-05-11,Active
TX_user_0276_1,user_0276,29.0,2025-06-10,Active
TX_user_0276_2,user_0276,29.0,2025-07-10,Active
TX_user_0276_3,user_0276,29.0,2025-08-09,Active
TX_user_0276_4,user_0276,29.0,2025-09-08,Active
TX_user_0276_5,user_0276,29.0,2025-10-08,Active
TX_user_0276_6,user_0276,29.0,2025-11-07,Active
TX_user_0276_7,user_0276,29.0,2025-12-07,Active
TX_user_0277_0,user_0277,79.0,2025-06-01,Active
TX_user_0277_1,user_0277,79.0,2025-07-01,Active
TX_user_0277_2,user_0277,79.0,2025-07-31,Active
TX_user_0277_3,user_0277,79.0,2025-08-30,Active
TX_user_0277_4,user_0277,79.0,2025-09-29,Churned
TX_user_0278_0,user_0278,29.0,2025-02-23,Active
TX_user_0278_1,user_0278,29.0,2025-03-25,Active
TX_user_0278_2,user_0278,29.0,2025-04-24,Active
TX_user_0278_3,user_0278,29.0,2025-05-24,Active
TX_user_0278_4,user_0278,29.0,2025-06-23,Active
TX_user_0278_5,user_0278,29.0,2025-07-23,Active
TX_user_0278_6,user_0278,29.0,2025-08-22,Active
TX_user_0278_7,user_0278,29.0,2025-09-21,Active
TX_user_0278_8,user_0278,29.0,2025-10-21,Active
TX_user_0278_9,user_0278,29.0,2025-11-20,Active
TX_user_0278_10,user_0278,29.0,2025-12-20,Active
TX_user_0279_0,user_0279,29.0,2025-04-30,Active
TX_user_0279_1,user_0279,29.0,2025-05-30,Active
TX_user_0279_2,user_0279,29.0,2025-06-29,Active
TX_user_0279_3,user_0279,29.0,2025-07-29,Active
TX_user_0279_4,user_0279,29.0,2025-08-28,Active
TX_user_0279_5,user_0279,29.0,2025-09-27,Active
TX_user_0279_6,user_0279,29.0,2025-10-27,Active
TX_user_0279_7,user_0279,29.0,2025-11-26,Active
TX_user_0279_8,user_0279,29.0,2025-12-26,Active
TX_user_0280_0,user_0280,79.0,2025-06-10,Active
TX_user_0280_1,user_0280,79.0,2025-07-10,Active
TX_user_0280_2,user_0280,79.0,2025-08-09,Active
TX_user_0280_3,user_0280,79.0,2025-09-08,Active
TX_user_0280_4,user_0280,79.0,2025-10-08,Active
TX_user_0280_5,user_0280,79.0,2025-11-07,Active
TX_user_0280_6,user_0280,79.0,2025-12-07,Active
TX_user_0281_0,user_0281,29.0,2025-04-26,Active
TX_user_0281_1,user_0281,29.0,2025-05-26,Active
TX_user_0281_2,user_0281,29.0,2025-06-25,Active
TX_user_0281_3,user_0281,29.0,2025-07-25,Active
TX_user_0281_4,user_0281,29.0,2025-08-24,Active
TX_user_0281_5,user_0281,29.0,2025-09-23,Active
TX_user_0281_6,user_0281,29.0,2025-10-23,Active
TX_user_0281_7,user_0281,29.0,2025-11-22,Active
TX_user_0281_8,user_0281,29.0,2025-12-22,Active
TX_user_0282_0,user_0282,79.0,2025-03-16,Active
TX_user_0282_1,user_0282,79.0,2025-04-15,Active
TX_user_0282_2,user_0282,79.0,2025-05-15,Active
TX_user_0282_3,user_0282,79.0,2025-06-14,Active
TX_user_0282_4,user_0282,79.0,2025-07-14,Active
TX_user_0282_5,user_0282,79.0,2025-08-13,Active
TX_user_0282_6,user_0282,79.0,2025-09-12,Active
TX_user_0282_7,user_0282,79.0,2025-10-12,Active
TX_user_0282_8,user_0282,79.0,2025-11-11,Active
TX_user_0282_9,user_0282,79.0,2025-12-11,Active
TX_user_0283_0,user_0283,29.0,2025-04-23,Active
TX_user_0283_1,user_0283,29.0,2025-05-23,Active
TX_user_0283_2,user_0283,29.0,2025-06-22,Active
TX_user_0283_3,user_0283,29.0,2025-07-22,Active
TX_user_0283_4,user_0283,29.0,2025-08-21,Active
TX_user_0283_5,user_0283,29.0,2025-09-20,Active
TX_user_0283_6,user_0283,29.0,2025-10-20,Active
TX_user_0283_7,user_0283,29.0,2025-11-19,Active
TX_user_0283_8,user_0283,29.0,2025-12-19,Active
TX_user_0284_0,user_0284,29.0,2025-04-14,Active
TX_user_0284_1,user_0284,29.0,2025-05-14,Active
TX_user_0284_2,user_0284,29.0,2025-06-13,Active
TX_user_0284_3,user_0284,29.0,2025-07-13,Active
TX_user_0284_4,user_0284,29.0,2025-08-12,Active
TX_user_0284_5,user_0284,29.0,2025-09-11,Active
TX_user_0284_6,user_0284,29.0,2025-10-11,Active
TX_user_0284_7,user_0284,29.0,2025-11-10,Active
TX_user_0284_8,user_0284,29.0,2025-12-10,Active
TX_user_0285_0,user_0285,79.0,2025-12-06,Active
TX_user_0286_0,user_0286,29.0,2025-09-11,Active
TX_user_0286_1,user_0286,29.0,2025-10-11,Active
TX_user_0286_2,user_0286,29.0,2025-11-10,Active
TX_user_0286_3,user_0286,29.0,2025-12-10,Active
TX_user_0287_0,user_0287,79.0,2025-08-15,Active
TX_user_0287_1,user_0287,79.0,2025-09-14,Active
TX_user_0287_2,user_0287,79.0,2025-10-14,Active
TX_user_0287_3,user_0287,79.0,2025-11-13,Active
TX_user_0287_4,user_0287,79.0,2025-12-13,Active
TX_user_0288_0,user_0288,29.0,2025-04-22,Active
TX_user_0288_1,user_0288,29.0,2025-05-22,Active
TX_user_0288_2,user_0288,29.0,2025-06-21,Active
TX_user_0288_3,user_0288,29.0,2025-07-21,Active
TX_user_0288_4,user_0288,29.0,2025-08-20,Active
TX_user_0288_5,user_0288,29.0,2025-09-19,Active
TX_user_0288_6,user_0288,29.0,2025-10-19,Churned
TX_user_0289_0,user_0289,29.0,2025-04-09,Active
TX_user_0289_1,user_0289,29.0,2025-05-09,Active
TX_user_0289_2,user_0289,29.0,2025-06-08,Active
TX_user_0289_3,user_0289,29.0,2025-07-08,Active
TX_user_0289_4,user_0289,29.0,2025-08-07,Active
TX_user_0289_5,user_0289,29.0,2025-09-06,Active
TX_user_0289_6,user_0289,29.0,2025-10-06,Active
TX_user_0289_7,user_0289,29.0,2025-11-05,Active
TX_user_0289_8,user_0289,29.0,2025-12-05,Active
TX_user_0290_0,user_0290,79.0,2025-06-02,Active
TX_user_0290_1,user_0290,79.0,2025-07-02,Active
TX_user_0290_2,user_0290,79.0,2025-08-01,Active
TX_user_0290_3,user_0290,79.0,2025-08-31,Active
TX_user_0290_4,user_0290,79.0,2025-09-30,Active
TX_user_0290_5,user_0290,79.0,2025-10-30,Active
TX_user_0290_6,user_0290,79.0,2025-11-29,Active
TX_user_0290_7,user_0290,79.0,2025-12-29,Active
TX_user_0291_0,user_0291,79.0,2025-12-15,Active
TX_user_0292_0,user_0292,79.0,2025-12-04,Active
TX_user_0293_0,user_0293,29.0,2025-07-13,Active
TX_user_0293_1,user_0293,29.0,2025-08-12,Active
TX_user_0293_2,user_0293,29.0,2025-09-11,Active
TX_user_0293_3,user_0293,29.0,2025-10-11,Active
TX_user_0293_4,user_0293,29.0,2025-11-10,Active
TX_user_0293_5,user_0293,29.0,2025-12-10,Active
TX_user_0294_0,user_0294,79.0,2025-11-06,Active
TX_user_0294_1,user_0294,79.0,2025-12-06,Active
TX_user_0295_0,user_0295,29.0,2025-06-12,Active
TX_user_0295_1,user_0295,29.0,2025-07-12,Active
TX_user_0295_2,user_0295,29.0,2025-08-11,Active
TX_user_0295_3,user_0295,29.0,2025-09-10,Active
TX_user_0295_4,user_0295,29.0,2025-10-10,Active
TX_user_0295_5,user_0295,29.0,2025-11-09,Active
TX_user_0295_6,user_0295,29.0,2025-12-09,Active
TX_user_0296_0,user_0296,29.0,2025-07-27,Active
TX_user_0296_1,user_0296,29.0,2025-08-26,Active
TX_user_0296_2,user_0296,29.0,2025-09-25,Active
TX_user_0296_3,user_0296,29.0,2025-10-25,Active
TX_user_0296_4,user_0296,29.0,2025-11-24,Active
TX_user_0296_5,user_0296,29.0,2025-12-24,Active
TX_user_0297_0,user_0297,299.0,2025-06-18,Active
TX_user_0297_1,user_0297,299.0,2025-07-18,Active
TX_user_0297_2,user_0297,299.0,2025-08-17,Active
TX_user_0297_3,user_0297,299.0,2025-09-16,Churned
TX_user_0298_0,user_0298,29.0,2025-06-10,Active
TX_user_0298_1,user_0298,29.0,2025-07-10,Active
TX_user_0298_2,user_0298,29.0,2025-08-09,Active
TX_user_0298_3,user_0298,29.0,2025-09-08,Active
TX_user_0298_4,user_0298,29.0,2025-10-08,Active
TX_user_0298_5,user_0298,29.0,2025-11-07,Active
TX_user_0298_6,user_0298,29.0,2025-12-07,Active
TX_user_0299_0,user_0299,299.0,2025-03-09,Active
TX_user_0299_1,user_0299,299.0,2025-04-08,Active
TX_user_0299_2,user_0299,299.0,2025-05-08,Active
TX_user_0299_3,user_0299,299.0,2025-06-07,Active
TX_user_0299_4,user_0299,299.0,2025-07-07,Active
TX_user_0299_5,user_0299,299.0,2025-08-06,Active
TX_user_0299_6,user_0299,299.0,2025-09-05,Active
TX_user_0299_7,user_0299,299.0,2025-10-05,Active
TX_user_0299_8,user_0299,299.0,2025-11-04,Active
TX_user_0299_9,user_0299,299.0,2025-12-04,Active
TX_user_0300_0,user_0300,29.0,2025-10-16,Active
TX_user_0300_1,user_0300,29.0,2025-11-15,Active
TX_user_0300_2,user_0300,29.0,2025-12-15,Active
TX_user_0301_0,user_0301,29.0,2025-10-04,Active
TX_user_0301_1,user_0301,29.0,2025-11-03,Active
TX_user_0301_2,user_0301,29.0,2025-12-03,Active
TX_user_0302_0,user_0302,79.0,2025-10-31,Active
TX_user_0302_1,user_0302,79.0,2025-11-30,Active
TX_user_0302_2,user_0302,79.0,2025-12-30,Active
TX_user_0303_0,user_0303,299.0,2025-05-15,Active
TX_user_0303_1,user_0303,299.0,2025-06-14,Active
TX_user_0303_2,user_0303,299.0,2025-07-14,Active
TX_user_0303_3,user_0303,299.0,2025-08-13,Active
TX_user_0303_4,user_0303,299.0,2025-09-12,Active
TX_user_0303_5,user_0303,299.0,2025-10-12,Active
TX_user_0303_6,user_0303,299.0,2025-11-11,Active
TX_user_0303_7,user_0303,299.0,2025-12-11,Active
TX_user_0304_0,user_0304,79.0,2025-07-14,Active
TX_user_0304_1,user_0304,79.0,2025-08-13,Active
TX_user_0304_2,user_0304,79.0,2025-09-12,Active
TX_user_0304_3,user_0304,79.0,2025-10-12,Churned
TX_user_0305_0,user_0305,79.0,2025-05-08,Active
TX_user_0305_1,user_0305,79.0,2025-06-07,Active
TX_user_0305_2,user_0305,79.0,2025-07-07,Active
TX_user_0305_3,user_0305,79.0,2025-08-06,Active
TX_user_0305_4,user_0305,79.0,2025-09-05,Active
TX_user_0305_5,user_0305,79.0,2025-10-05,Active
TX_user_0305_6,user_0305,79.0,2025-11-04,Active
TX_user_0305_7,user_0305,79.0,2025-12-04,Active
TX_user_0306_0,user_0306,79.0,2025-02-02,Active
TX_user_0306_1,user_0306,79.0,2025-03-04,Active
TX_user_0306_2,user_0306,79.0,2025-04-03,Active
TX_user_0306_3,user_0306,79.0,2025-05-03,Active
TX_user_0306_4,user_0306,79.0,2025-06-02,Active
TX_user_0306_5,user_0306,79.0,2025-07-02,Active
TX_user_0306_6,user_0306,79.0,2025-08-01,Active
TX_user_0306_7,user_0306,79.0,2025-08-31,Active
TX_user_0306_8,user_0306,79.0,2025-09-30,Active
TX_user_0306_9,user_0306,79.0,2025-10-30,Churned
TX_user_0307_0,user_0307,79.0,2025-06-25,Active
TX_user_0307_1,user_0307,79.0,2025-07-25,Active
TX_user_0307_2,user_0307,79.0,2025-08-24,Active
TX_user_0307_3,user_0307,79.0,2025-09-23,Active
TX_user_0307_4,user_0307,79.0,2025-10-23,Active
TX_user_0307_5,user_0307,79.0,2025-11-22,Active
TX_user_0307_6,user_0307,79.0,2025-12-22,Active
TX_user_0308_0,user_0308,79.0,2025-01-22,Active
TX_user_0308_1,user_0308,79.0,2025-02-21,Active
TX_user_0308_2,user_0308,79.0,2025-03-23,Active
TX_user_0308_3,user_0308,79.0,2025-04-22,Churned
TX_user_0309_0,user_0309,29.0,2025-08-26,Active
TX_user_0309_1,user_0309,29.0,2025-09-25,Active
TX_user_0309_2,user_0309,29.0,2025-10-25,Active
TX_user_0309_3,user_0309,29.0,2025-11-24,Active
TX_user_0309_4,user_0309,29.0,2025-12-24,Active
TX_user_0310_0,user_0310,29.0,2025-06-07,Active
TX_user_0310_1,user_0310,29.0,2025-07-07,Active
TX_user_0310_2,user_0310,29.0,2025-08-06,Active
TX_user_0310_3,user_0310,29.0,2025-09-05,Active
TX_user_0310_4,user_0310,29.0,2025-10-05,Active
TX_user_0310_5,user_0310,29.0,2025-11-04,Active
TX_user_0310_6,user_0310,29.0,2025-12-04,Active
TX_user_0311_0,user_0311,29.0,2025-02-07,Active
TX_user_0311_1,user_0311,29.0,2025-03-09,Active
TX_user_0311_2,user_0311,29.0,2025-04-08,Active
TX_user_0311_3,user_0311,29.0,2025-05-08,Active
TX_user_0311_4,user_0311,29.0,2025-06-07,Active
TX_user_0311_5,user_0311,29.0,2025-07-07,Active
TX_user_0311_6,user_0311,29.0,2025-08-06,Active
TX_user_0311_7,user_0311,29.0,2025-09-05,Active
TX_user_0311_8,user_0311,29.0,2025-10-05,Active
TX_user_0311_9,user_0311,29.0,2025-11-04,Active
TX_user_0311_10,user_0311,29.0,2025-12-04,Active
TX_user_0312_0,user_0312,299.0,2025-08-18,Active
TX_user_0312_1,user_0312,299.0,2025-09-17,Active
TX_user_0312_2,user_0312,299.0,2025-10-17,Active
TX_user_0312_3,user_0312,299.0,2025-11-16,Active
TX_user_0312_4,user_0312,299.0,2025-12-16,Active
TX_user_0313_0,user_0313,299.0,2025-12-31,Active
TX_user_0314_0,user_0314,29.0,2025-02-20,Active
TX_user_0314_1,user_0314,29.0,2025-03-22,Active
TX_user_0314_2,user_0314,29.0,2025-04-21,Active
TX_user_0314_3,user_0314,29.0,2025-05-21,Active
TX_user_0314_4,user_0314,29.0,2025-06-20,Active
TX_user_0314_5,user_0314,29.0,2025-07-20,Active
TX_user_0314_6,user_0314,29.0,2025-08-19,Active
TX_user_0314_7,user_0314,29.0,2025-09-18,Active
TX_user_0314_8,user_0314,29.0,2025-10-18,Churned
TX_user_0315_0,user_0315,79.0,2025-09-21,Active
TX_user_0315_1,user_0315,79.0,2025-10-21,Active
TX_user_0315_2,user_0315,79.0,2025-11-20,Active
TX_user_0315_3,user_0315,79.0,2025-12-20,Active
TX_user_0316_0,user_0316,299.0,2025-10-10,Active
TX_user_0316_1,user_0316,299.0,2025-11-09,Active
TX_user_0316_2,user_0316,299.0,2025-12-09,Active
TX_user_0317_0,user_0317,29.0,2025-01-27,Active
TX_user_0317_1,user_0317,29.0,2025-02-26,Active
TX_user_0317_2,user_0317,29.0,2025-03-28,Active
TX_user_0317_3,user_0317,29.0,2025-04-27,Active
TX_user_0317_4,user_0317,29.0,2025-05-27,Active
TX_user_0317_5,user_0317,29.0,2025-06-26,Active
TX_user_0317_6,user_0317,29.0,2025-07-26,Active
TX_user_0317_7,user_0317,29.0,2025-08-25,Active
TX_user_0317_8,user_0317,29.0,2025-09-24,Active
TX_user_0317_9,user_0317,29.0,2025-10-24,Active
TX_user_0317_10,user_0317,29.0,2025-11-23,Active
TX_user_0317_11,user_0317,29.0,2025-12-23,Active
TX_user_0318_0,user_0318,79.0,2025-08-14,Active
TX_user_0318_1,user_0318,79.0,2025-09-13,Active
TX_user_0318_2,user_0318,79.0,2025-10-13,Active
TX_user_0318_3,user_0318,79.0,2025-11-12,Active
TX_user_0318_4,user_0318,79.0,2025-12-12,Active
TX_user_0319_0,user_0319,299.0,2025-10-04,Active
TX_user_0319_1,user_0319,299.0,2025-11-03,Active
TX_user_0319_2,user_0319,299.0,2025-12-03,Active
TX_user_0320_0,user_0320,29.0,2025-10-13,Active
TX_user_0320_1,user_0320,29.0,2025-11-12,Active
TX_user_0320_2,user_0320,29.0,2025-12-12,Active
TX_user_0321_0,user_0321,79.0,2025-04-07,Active
TX_user_0321_1,user_0321,79.0,2025-05-07,Active
TX_user_0321_2,user_0321,79.0,2025-06-06,Active
TX_user_0321_3,user_0321,79.0,2025-07-06,Active
TX_user_0321_4,user_0321,79.0,2025-08-05,Active
TX_user_0321_5,user_0321,79.0,2025-09-04,Active
TX_user_0321_6,user_0321,79.0,2025-10-04,Active
TX_user_0321_7,user_0321,79.0,2025-11-03,Active
TX_user_0321_8,user_0321,79.0,2025-12-03,Churned
TX_user_0322_0,user_0322,29.0,2025-10-11,Active
TX_user_0322_1,user_0322,29.0,2025-11-10,Active
TX_user_0322_2,user_0322,29.0,2025-12-10,Active
TX_user_0323_0,user_0323,299.0,2025-11-13,Active
TX_user_0323_1,user_0323,299.0,2025-12-13,Active
TX_user_0324_0,user_0324,299.0,2025-10-31,Active
TX_user_0324_1,user_0324,299.0,2025-11-30,Active
TX_user_0324_2,user_0324,299.0,2025-12-30,Active
TX_user_0325_0,user_0325,299.0,2025-05-27,Active
TX_user_0325_1,user_0325,299.0,2025-06-26,Active
TX_user_0325_2,user_0325,299.0,2025-07-26,Active
TX_user_0325_3,user_0325,299.0,2025-08-25,Active
TX_user_0325_4,user_0325,299.0,2025-09-24,Active
TX_user_0325_5,user_0325,299.0,2025-10-24,Active
TX_user_0325_6,user_0325,299.0,2025-11-23,Active
TX_user_0325_7,user_0325,299.0,2025-12-23,Active
TX_user_0326_0,user_0326,29.0,2025-01-04,Active
TX_user_0326_1,user_0326,29.0,2025-02-03,Active
TX_user_0326_2,user_0326,29.0,2025-03-05,Active
TX_user_0326_3,user_0326,29.0,2025-04-04,Active
TX_user_0326_4,user_0326,29.0,2025-05-04,Active
TX_user_0326_5,user_0326,29.0,2025-06-03,Active
TX_user_0326_6,user_0326,29.0,2025-07-03,Active
TX_user_0326_7,user_0326,29.0,2025-08-02,Active
TX_user_0326_8,user_0326,29.0,2025-09-01,Active
TX_user_0326_9,user_0326,29.0,2025-10-01,Active
TX_user_0326_10,user_0326,29.0,2025-10-31,Active
TX_user_0326_11,user_0326,29.0,2025-11-30,Active
TX_user_0327_0,user_0327,299.0,2025-02-04,Active
TX_user_0327_1,user_0327,299.0,2025-03-06,Active
TX_user_0327_2,user_0327,299.0,2025-04-05,Active
TX_user_0327_3,user_0327,299.0,2025-05-05,Active
TX_user_0327_4,user_0327,299.0,2025-06-04,Active
TX_user_0327_5,user_0327,299.0,2025-07-04,Active
TX_user_0327_6,user_0327,299.0,2025-08-03,Active
TX_user_0327_7,user_0327,299.0,2025-09-02,Active
TX_user_0327_8,user_0327,299.0,2025-10-02,Active
TX_user_0327_9,user_0327,299.0,2025-11-01,Active
TX_user_0327_10,user_0327,299.0,2025-12-01,Active
TX_user_0327_11,user_0327,299.0,2025-12-31,Active
TX_user_0328_0,user_0328,79.0,2025-07-11,Active
TX_user_0328_1,user_0328,79.0,2025-08-10,Active
TX_user_0328_2,user_0328,79.0,2025-09-09,Active
TX_user_0328_3,user_0328,79.0,2025-10-09,Active
TX_user_0328_4,user_0328,79.0,2025-11-08,Active
TX_user_0328_5,user_0328,79.0,2025-12-08,Active
TX_user_0329_0,user_0329,29.0,2025-02-18,Active
TX_user_0329_1,user_0329,29.0,2025-03-20,Active
TX_user_0329_2,user_0329,29.0,2025-04-19,Active
TX_user_0329_3,user_0329,29.0,2025-05-19,Active
TX_user_0329_4,user_0329,29.0,2025-06-18,Active
TX_user_0329_5,user_0329,29.0,2025-07-18,Active
TX_user_0329_6,user_0329,29.0,2025-08-17,Active
TX_user_0329_7,user_0329,29.0,2025-09-16,Active
TX_user_0329_8,user_0329,29.0,2025-10-16,Active
TX_user_0329_9,user_0329,29.0,2025-11-15,Active
TX_user_0329_10,user_0329,29.0,2025-12-15,Active
TX_user_0330_0,user_0330,79.0,2025-01-17,Active
TX_user_0330_1,user_0330,79.0,2025-02-16,Active
TX_user_0330_2,user_0330,79.0,2025-03-18,Active
TX_user_0330_3,user_0330,79.0,2025-04-17,Active
TX_user_0330_4,user_0330,79.0,2025-05-17,Active
TX_user_0330_5,user_0330,79.0,2025-06-16,Active
TX_user_0330_6,user_0330,79.0,2025-07-16,Active
TX_user_0330_7,user_0330,79.0,2025-08-15,Active
TX_user_0330_8,user_0330,79.0,2025-09-14,Active
TX_user_0330_9,user_0330,79.0,2025-10-14,Active
TX_user_0330_10,user_0330,79.0,2025-11-13,Active
TX_user_0330_11,user_0330,79.0,2025-12-13,Active
TX_user_0331_0,user_0331,29.0,2025-06-21,Active
TX_user_0331_1,user_0331,29.0,2025-07-21,Active
TX_user_0331_2,user_0331,29.0,2025-08-20,Active
TX_user_0331_3,user_0331,29.0,2025-09-19,Active
TX_user_0331_4,user_0331,29.0,2025-10-19,Active
TX_user_0331_5,user_0331,29.0,2025-11-18,Active
TX_user_0331_6,user_0331,29.0,2025-12-18,Active
TX_user_0332_0,user_0332,79.0,2025-08-08,Active
TX_user_0332_1,user_0332,79.0,2025-09-07,Active
TX_user_0332_2,user_0332,79.0,2025-10-07,Active
TX_user_0332_3,user_0332,79.0,2025-11-06,Active
TX_user_0332_4,user_0332,79.0,2025-12-06,Active
TX_user_0333_0,user_0333,29.0,2025-06-07,Active
TX_user_0333_1,user_0333,29.0,2025-07-07,Active
TX_user_0333_2,user_0333,29.0,2025-08-06,Active
TX_user_0333_3,user_0333,29.0,2025-09-05,Active
TX_user_0333_4,user_0333,29.0,2025-10-05,Active
TX_user_0333_5,user_0333,29.0,2025-11-04,Active
TX_user_0333_6,user_0333,29.0,2025-12-04,Active
TX_user_0334_0,user_0334,29.0,2025-02-15,Active
TX_user_0334_1,user_0334,29.0,2025-03-17,Active
TX_user_0334_2,user_0334,29.0,2025-04-16,Active
TX_user_0334_3,user_0334,29.0,2025-05-16,Active
TX_user_0334_4,user_0334,29.0,2025-06-15,Active
TX_user_0334_5,user_0334,29.0,2025-07-15,Churned
TX_user_0335_0,user_0335,29.0,2025-01-06,Active
TX_user_0335_1,user_0335,29.0,2025-02-05,Active
TX_user_0335_2,user_0335,29.0,2025-03-07,Active
TX_user_0335_3,user_0335,29.0,2025-04-06,Active
TX_user_0335_4,user_0335,29.0,2025-05-06,Active
TX_user_0335_5,user_0335,29.0,2025-06-05,Churned
TX_user_0336_0,user_0336,79.0,2025-04-09,Active
TX_user_0336_1,user_0336,79.0,2025-05-09,Active
TX_user_0336_2,user_0336,79.0,2025-06-08,Active
TX_user_0336_3,user_0336,79.0,2025-07-08,Active
TX_user_0336_4,user_0336,79.0,2025-08-07,Active
TX_user_0336_5,user_0336,79.0,2025-09-06,Active
TX_user_0336_6,user_0336,79.0,2025-10-06,Active
TX_user_0336_7,user_0336,79.0,2025-11-05,Active
TX_user_0336_8,user_0336,79.0,2025-12-05,Active
TX_user_0337_0,user_0337,29.0,2025-08-21,Active
TX_user_0337_1,user_0337,29.0,2025-09-20,Active
TX_user_0337_2,user_0337,29.0,2025-10-20,Active
TX_user_0337_3,user_0337,29.0,2025-11-19,Active
TX_user_0337_4,user_0337,29.0,2025-12-19,Active
TX_user_0338_0,user_0338,79.0,2025-02-06,Active
TX_user_0338_1,user_0338,79.0,2025-03-08,Active
TX_user_0338_2,user_0338,79.0,2025-04-07,Active
TX_user_0338_3,user_0338,79.0,2025-05-07,Active
TX_user_0338_4,user_0338,79.0,2025-06-06,Active
TX_user_0338_5,user_0338,79.0,2025-07-06,Active
TX_user_0338_6,user_0338,79.0,2025-08-05,Active
TX_user_0338_7,user_0338,79.0,2025-09-04,Active
TX_user_0338_8,user_0338,79.0,2025-10-04,Active
TX_user_0338_9,user_0338,79.0,2025-11-03,Active
TX_user_0338_10,user_0338,79.0,2025-12-03,Active
TX_user_0339_0,user_0339,29.0,2025-10-07,Active
TX_user_0339_1,user_0339,29.0,2025-11-06,Active
TX_user_0339_2,user_0339,29.0,2025-12-06,Active
TX_user_0340_0,user_0340,29.0,2025-12-15,Active
TX_user_0341_0,user_0341,79.0,2025-10-29,Active
TX_user_0341_1,user_0341,79.0,2025-11-28,Active
TX_user_0341_2,user_0341,79.0,2025-12-28,Active
TX_user_0342_0,user_0342,79.0,2025-06-30,Active
TX_user_0342_1,user_0342,79.0,2025-07-30,Active
TX_user_0342_2,user_0342,79.0,2025-08-29,Active
TX_user_0342_3,user_0342,79.0,2025-09-28,Active
TX_user_0342_4,user_0342,79.0,2025-10-28,Active
TX_user_0342_5,user_0342,79.0,2025-11-27,Active
TX_user_0342_6,user_0342,79.0,2025-12-27,Active
TX_user_0343_0,user_0343,29.0,2025-04-05,Active
TX_user_0343_1,user_0343,29.0,2025-05-05,Active
TX_user_0343_2,user_0343,29.0,2025-06-04,Active
TX_user_0343_3,user_0343,29.0,2025-07-04,Active
TX_user_0343_4,user_0343,29.0,2025-08-03,Active
TX_user_0343_5,user_0343,29.0,2025-09-02,Active
TX_user_0343_6,user_0343,29.0,2025-10-02,Active
TX_user_0343_7,user_0343,29.0,2025-11-01,Active
TX_user_0343_8,user_0343,29.0,2025-12-01,Active
TX_user_0343_9,user_0343,29.0,2025-12-31,Active
TX_user_0344_0,user_0344,79.0,2025-04-09,Active
TX_user_0344_1,user_0344,79.0,2025-05-09,Active
TX_user_0344_2,user_0344,79.0,2025-06-08,Active
TX_user_0344_3,user_0344,79.0,2025-07-08,Active
TX_user_0344_4,user_0344,79.0,2025-08-07,Active
TX_user_0344_5,user_0344,79.0,2025-09-06,Active
TX_user_0344_6,user_0344,79.0,2025-10-06,Active
TX_user_0344_7,user_0344,79.0,2025-11-05,Active
TX_user_0344_8,user_0344,79.0,2025-12-05,Active
TX_user_0345_0,user_0345,299.0,2025-07-07,Active
TX_user_0345_1,user_0345,299.0,2025-08-06,Active
TX_user_0345_2,user_0345,299.0,2025-09-05,Active
TX_user_0345_3,user_0345,299.0,2025-10-05,Active
TX_user_0345_4,user_0345,299.0,2025-11-04,Active
TX_user_0345_5,user_0345,299.0,2025-12-04,Active
TX_user_0346_0,user_0346,79.0,2025-04-26,Active
TX_user_0346_1,user_0346,79.0,2025-05-26,Active
TX_user_0346_2,user_0346,79.0,2025-06-25,Active
TX_user_0346_3,user_0346,79.0,2025-07-25,Active
TX_user_0346_4,user_0346,79.0,2025-08-24,Active
TX_user_0346_5,user_0346,79.0,2025-09-23,Active
TX_user_0346_6,user_0346,79.0,2025-10-23,Active
TX_user_0346_7,user_0346,79.0,2025-11-22,Active
TX_user_0346_8,user_0346,79.0,2025-12-22,Active
TX_user_0347_0,user_0347,29.0,2025-07-10,Active
TX_user_0347_1,user_0347,29.0,2025-08-09,Active
TX_user_0347_2,user_0347,29.0,2025-09-08,Active
TX_user_0347_3,user_0347,29.0,2025-10-08,Active
TX_user_0347_4,user_0347,29.0,2025-11-07,Active
TX_user_0347_5,user_0347,29.0,2025-12-07,Active
TX_user_0348_0,user_0348,29.0,2025-09-10,Active
TX_user_0348_1,user_0348,29.0,2025-10-10,Active
TX_user_0348_2,user_0348,29.0,2025-11-09,Active
TX_user_0348_3,user_0348,29.0,2025-12-09,Active
TX_user_0349_0,user_0349,299.0,2025-06-10,Active
TX_user_0349_1,user_0349,299.0,2025-07-10,Active
TX_user_0349_2,user_0349,299.0,2025-08-09,Active
TX_user_0349_3,user_0349,299.0,2025-09-08,Active
TX_user_0349_4,user_0349,299.0,2025-10-08,Active
TX_user_0349_5,user_0349,299.0,2025-11-07,Active
TX_user_0349_6,user_0349,299.0,2025-12-07,Active
TX_user_0350_0,user_0350,29.0,2025-09-13,Active
TX_user_0350_1,user_0350,29.0,2025-10-13,Active
TX_user_0350_2,user_0350,29.0,2025-11-12,Active
TX_user_0350_3,user_0350,29.0,2025-12-12,Active
TX_user_0351_0,user_0351,299.0,2025-11-19,Active
TX_user_0351_1,user_0351,299.0,2025-12-19,Active
TX_user_0352_0,user_0352,79.0,2025-05-08,Active
TX_user_0352_1,user_0352,79.0,2025-06-07,Active
TX_user_0352_2,user_0352,79.0,2025-07-07,Active
TX_user_0352_3,user_0352,79.0,2025-08-06,Active
TX_user_0352_4,user_0352,79.0,2025-09-05,Active
TX_user_0352_5,user_0352,79.0,2025-10-05,Active
TX_user_0352_6,user_0352,79.0,2025-11-04,Active
TX_user_0352_7,user_0352,79.0,2025-12-04,Active
TX_user_0353_0,user_0353,299.0,2025-01-18,Active
TX_user_0353_1,user_0353,299.0,2025-02-17,Active
TX_user_0353_2,user_0353,299.0,2025-03-19,Active
TX_user_0353_3,user_0353,299.0,2025-04-18,Active
TX_user_0353_4,user_0353,299.0,2025-05-18,Active
TX_user_0353_5,user_0353,299.0,2025-06-17,Active
TX_user_0353_6,user_0353,299.0,2025-07-17,Active
TX_user_0353_7,user_0353,299.0,2025-08-16,Active
TX_user_0353_8,user_0353,299.0,2025-09-15,Active
TX_user_0353_9,user_0353,299.0,2025-10-15,Active
TX_user_0353_10,user_0353,299.0,2025-11-14,Active
TX_user_0353_11,user_0353,299.0,2025-12-14,Active
TX_user_0354_0,user_0354,79.0,2025-10-08,Active
TX_user_0354_1,user_0354,79.0,2025-11-07,Active
TX_user_0354_2,user_0354,79.0,2025-12-07,Active
TX_user_0355_0,user_0355,299.0,2025-08-11,Active
TX_user_0355_1,user_0355,299.0,2025-09-10,Active
TX_user_0355_2,user_0355,299.0,2025-10-10,Active
TX_user_0355_3,user_0355,299.0,2025-11-09,Active
TX_user_0355_4,user_0355,299.0,2025-12-09,Active
TX_user_0356_0,user_0356,29.0,2025-02-23,Active
TX_user_0356_1,user_0356,29.0,2025-03-25,Active
TX_user_0356_2,user_0356,29.0,2025-04-24,Active
TX_user_0356_3,user_0356,29.0,2025-05-24,Active
TX_user_0356_4,user_0356,29.0,2025-06-23,Active
TX_user_0356_5,user_0356,29.0,2025-07-23,Active
TX_user_0356_6,user_0356,29.0,2025-08-22,Active
TX_user_0356_7,user_0356,29.0,2025-09-21,Active
TX_user_0356_8,user_0356,29.0,2025-10-21,Active
TX_user_0356_9,user_0356,29.0,2025-11-20,Active
TX_user_0356_10,user_0356,29.0,2025-12-20,Active
TX_user_0357_0,user_0357,79.0,2025-02-27,Active
TX_user_0357_1,user_0357,79.0,2025-03-29,Churned
TX_user_0358_0,user_0358,29.0,2025-11-19,Active
TX_user_0358_1,user_0358,29.0,2025-12-19,Active
TX_user_0359_0,user_0359,29.0,2025-12-26,Active
TX_user_0360_0,user_0360,79.0,2025-06-23,Active
TX_user_0360_1,user_0360,79.0,2025-07-23,Active
TX_user_0360_2,user_0360,79.0,2025-08-22,Active
TX_user_0360_3,user_0360,79.0,2025-09-21,Active
TX_user_0360_4,user_0360,79.0,2025-10-21,Active
TX_user_0360_5,user_0360,79.0,2025-11-20,Active
TX_user_0360_6,user_0360,79.0,2025-12-20,Active
TX_user_0361_0,user_0361,299.0,2025-10-07,Active
TX_user_0361_1,user_0361,299.0,2025-11-06,Active
TX_user_0361_2,user_0361,299.0,2025-12-06,Active
TX_user_0362_0,user_0362,299.0,2025-04-24,Active
TX_user_0362_1,user_0362,299.0,2025-05-24,Active
TX_user_0362_2,user_0362,299.0,2025-06-23,Active
TX_user_0362_3,user_0362,299.0,2025-07-23,Active
TX_user_0362_4,user_0362,299.0,2025-08-22,Active
TX_user_0362_5,user_0362,299.0,2025-09-21,Active
TX_user_0362_6,user_0362,299.0,2025-10-21,Active
TX_user_0362_7,user_0362,299.0,2025-11-20,Active
TX_user_0362_8,user_0362,299.0,2025-12-20,Active
TX_user_0363_0,user_0363,79.0,2025-10-15,Active
TX_user_0363_1,user_0363,79.0,2025-11-14,Active
TX_user_0363_2,user_0363,79.0,2025-12-14,Active
TX_user_0364_0,user_0364,29.0,2025-12-08,Active
TX_user_0365_0,user_0365,29.0,2025-05-31,Active
TX_user_0365_1,user_0365,29.0,2025-06-30,Active
TX_user_0365_2,user_0365,29.0,2025-07-30,Active
TX_user_0365_3,user_0365,29.0,2025-08-29,Active
TX_user_0365_4,user_0365,29.0,2025-09-28,Active
TX_user_0365_5,user_0365,29.0,2025-10-28,Active
TX_user_0365_6,user_0365,29.0,2025-11-27,Active
TX_user_0365_7,user_0365,29.0,2025-12-27,Active
TX_user_0366_0,user_0366,79.0,2025-05-07,Active
TX_user_0366_1,user_0366,79.0,2025-06-06,Active
TX_user_0366_2,user_0366,79.0,2025-07-06,Churned
TX_user_0367_0,user_0367,29.0,2025-06-04,Active
TX_user_0367_1,user_0367,29.0,2025-07-04,Active
TX_user_0367_2,user_0367,29.0,2025-08-03,Active
TX_user_0367_3,user_0367,29.0,2025-09-02,Active
TX_user_0367_4,user_0367,29.0,2025-10-02,Active
TX_user_0367_5,user_0367,29.0,2025-11-01,Active
TX_user_0367_6,user_0367,29.0,2025-12-01,Active
TX_user_0367_7,user_0367,29.0,2025-12-31,Active
TX_user_0368_0,user_0368,29.0,2025-09-30,Active
TX_user_0368_1,user_0368,29.0,2025-10-30,Active
TX_user_0368_2,user_0368,29.0,2025-11-29,Active
TX_user_0368_3,user_0368,29.0,2025-12-29,Active
TX_user_0369_0,user_0369,29.0,2025-04-14,Active
TX_user_0369_1,user_0369,29.0,2025-05-14,Active
TX_user_0369_2,user_0369,29.0,2025-06-13,Active
TX_user_0369_3,user_0369,29.0,2025-07-13,Active
TX_user_0369_4,user_0369,29.0,2025-08-12,Active
TX_user_0369_5,user_0369,29.0,2025-09-11,Active
TX_user_0369_6,user_0369,29.0,2025-10-11,Active
TX_user_0369_7,user_0369,29.0,2025-11-10,Active
TX_user_0369_8,user_0369,29.0,2025-12-10,Active
TX_user_0370_0,user_0370,29.0,2025-10-26,Active
TX_user_0370_1,user_0370,29.0,2025-11-25,Active
TX_user_0370_2,user_0370,29.0,2025-12-25,Active
TX_user_0371_0,user_0371,29.0,2025-09-03,Active
TX_user_0371_1,user_0371,29.0,2025-10-03,Active
TX_user_0371_2,user_0371,29.0,2025-11-02,Active
TX_user_0371_3,user_0371,29.0,2025-12-02,Active
TX_user_0372_0,user_0372,29.0,2025-06-25,Active
TX_user_0372_1,user_0372,29.0,2025-07-25,Active
TX_user_0372_2,user_0372,29.0,2025-08-24,Active
TX_user_0372_3,user_0372,29.0,2025-09-23,Active
TX_user_0372_4,user_0372,29.0,2025-10-23,Active
TX_user_0372_5,user_0372,29.0,2025-11-22,Active
TX_user_0372_6,user_0372,29.0,2025-12-22,Active
TX_user_0373_0,user_0373,29.0,2025-02-08,Active
TX_user_0373_1,user_0373,29.0,2025-03-10,Active
TX_user_0373_2,user_0373,29.0,2025-04-09,Active
TX_user_0373_3,user_0373,29.0,2025-05-09,Active
TX_user_0373_4,user_0373,29.0,2025-06-08,Active
TX_user_0373_5,user_0373,29.0,2025-07-08,Active
TX_user_0373_6,user_0373,29.0,2025-08-07,Active
TX_user_0373_7,user_0373,29.0,2025-09-06,Active
TX_user_0373_8,user_0373,29.0,2025-10-06,Active
TX_user_0373_9,user_0373,29.0,2025-11-05,Active
TX_user_0373_10,user_0373,29.0,2025-12-05,Active
TX_user_0374_0,user_0374,29.0,2025-06-19,Active
TX_user_0374_1,user_0374,29.0,2025-07-19,Active
TX_user_0374_2,user_0374,29.0,2025-08-18,Active
TX_user_0374_3,user_0374,29.0,2025-09-17,Active
TX_user_0374_4,user_0374,29.0,2025-10-17,Active
TX_user_0374_5,user_0374,29.0,2025-11-16,Active
TX_user_0374_6,user_0374,29.0,2025-12-16,Active
TX_user_0375_0,user_0375,299.0,2025-09-04,Churned
TX_user_0376_0,user_0376,29.0,2025-01-26,Active
TX_user_0376_1,user_0376,29.0,2025-02-25,Active
TX_user_0376_2,user_0376,29.0,2025-03-27,Active
TX_user_0376_3,user_0376,29.0,2025-04-26,Active
TX_user_0376_4,user_0376,29.0,2025-05-26,Active
TX_user_0376_5,user_0376,29.0,2025-06-25,Active
TX_user_0376_6,user_0376,29.0,2025-07-25,Active
TX_user_0376_7,user_0376,29.0,2025-08-24,Active
TX_user_0376_8,user_0376,29.0,2025-09-23,Active
TX_user_0376_9,user_0376,29.0,2025-10-23,Active
TX_user_0376_10,user_0376,29.0,2025-11-22,Active
TX_user_0376_11,user_0376,29.0,2025-12-22,Active
TX_user_0377_0,user_0377,29.0,2025-12-21,Active
TX_user_0378_0,user_0378,79.0,2025-11-02,Active
TX_user_0378_1,user_0378,79.0,2025-12-02,Active
TX_user_0379_0,user_0379,29.0,2025-01-13,Active
TX_user_0379_1,user_0379,29.0,2025-02-12,Active
TX_user_0379_2,user_0379,29.0,2025-03-14,Active
TX_user_0379_3,user_0379,29.0,2025-04-13,Active
TX_user_0379_4,user_0379,29.0,2025-05-13,Active
TX_user_0379_5,user_0379,29.0,2025-06-12,Active
TX_user_0379_6,user_0379,29.0,2025-07-12,Active
TX_user_0379_7,user_0379,29.0,2025-08-11,Active
TX_user_0379_8,user_0379,29.0,2025-09-10,Active
TX_user_0379_9,user_0379,29.0,2025-10-10,Active
TX_user_0379_10,user_0379,29.0,2025-11-09,Active
TX_user_0379_11,user_0379,29.0,2025-12-09,Active
TX_user_0380_0,user_0380,299.0,2025-11-12,Active
TX_user_0380_1,user_0380,299.0,2025-12-12,Active
TX_user_0381_0,user_0381,79.0,2025-11-09,Active
TX_user_0381_1,user_0381,79.0,2025-12-09,Active
TX_user_0382_0,user_0382,29.0,2025-02-05,Active
TX_user_0382_1,user_0382,29.0,2025-03-07,Active
TX_user_0382_2,user_0382,29.0,2025-04-06,Active
TX_user_0382_3,user_0382,29.0,2025-05-06,Active
TX_user_0382_4,user_0382,29.0,2025-06-05,Active
TX_user_0382_5,user_0382,29.0,2025-07-05,Active
TX_user_0382_6,user_0382,29.0,2025-08-04,Active
TX_user_0382_7,user_0382,29.0,2025-09-03,Active
TX_user_0382_8,user_0382,29.0,2025-10-03,Active
TX_user_0382_9,user_0382,29.0,2025-11-02,Active
TX_user_0382_10,user_0382,29.0,2025-12-02,Active
TX_user_0383_0,user_0383,29.0,2025-06-22,Active
TX_user_0383_1,user_0383,29.0,2025-07-22,Active
TX_user_0383_2,user_0383,29.0,2025-08-21,Active
TX_user_0383_3,user_0383,29.0,2025-09-20,Active
TX_user_0383_4,user_0383,29.0,2025-10-20,Active
TX_user_0383_5,user_0383,29.0,2025-11-19,Active
TX_user_0383_6,user_0383,29.0,2025-12-19,Active
TX_user_0384_0,user_0384,299.0,2025-01-20,Active
TX_user_0384_1,user_0384,299.0,2025-02-19,Active
TX_user_0384_2,user_0384,299.0,2025-03-21,Active
TX_user_0384_3,user_0384,299.0,2025-04-20,Churned
TX_user_0385_0,user_0385,299.0,2025-11-17,Active
TX_user_0385_1,user_0385,299.0,2025-12-17,Active
TX_user_0386_0,user_0386,29.0,2025-09-21,Active
TX_user_0386_1,user_0386,29.0,2025-10-21,Active
TX_user_0386_2,user_0386,29.0,2025-11-20,Active
TX_user_0386_3,user_0386,29.0,2025-12-20,Active
TX_user_0387_0,user_0387,79.0,2025-05-22,Active
TX_user_0387_1,user_0387,79.0,2025-06-21,Active
TX_user_0387_2,user_0387,79.0,2025-07-21,Active
TX_user_0387_3,user_0387,79.0,2025-08-20,Active
TX_user_0387_4,user_0387,79.0,2025-09-19,Active
TX_user_0387_5,user_0387,79.0,2025-10-19,Active
TX_user_0387_6,user_0387,79.0,2025-11-18,Active
TX_user_0387_7,user_0387,79.0,2025-12-18,Active
TX_user_0388_0,user_0388,29.0,2025-05-23,Active
TX_user_0388_1,user_0388,29.0,2025-06-22,Active
TX_user_0388_2,user_0388,29.0,2025-07-22,Active
TX_user_0388_3,user_0388,29.0,2025-08-21,Active
TX_user_0388_4,user_0388,29.0,2025-09-20,Active
TX_user_0388_5,user_0388,29.0,2025-10-20,Active
TX_user_0388_6,user_0388,29.0,2025-11-19,Active
TX_user_0388_7,user_0388,29.0,2025-12-19,Active
TX_user_0389_0,user_0389,299.0,2025-04-02,Active
TX_user_0389_1,user_0389,299.0,2025-05-02,Active
TX_user_0389_2,user_0389,299.0,2025-06-01,Active
TX_user_0389_3,user_0389,299.0,2025-07-01,Active
TX_user_0389_4,user_0389,299.0,2025-07-31,Active
TX_user_0389_5,user_0389,299.0,2025-08-30,Active
TX_user_0389_6,user_0389,299.0,2025-09-29,Active
TX_user_0389_7,user_0389,299.0,2025-10-29,Active
TX_user_0389_8,user_0389,299.0,2025-11-28,Active
TX_user_0389_9,user_0389,299.0,2025-12-28,Active
TX_user_0390_0,user_0390,29.0,2025-12-20,Active
TX_user_0391_0,user_0391,299.0,2025-11-18,Active
TX_user_0391_1,user_0391,299.0,2025-12-18,Active
TX_user_0392_0,user_0392,79.0,2025-10-15,Active
TX_user_0392_1,user_0392,79.0,2025-11-14,Active
TX_user_0392_2,user_0392,79.0,2025-12-14,Active
TX_user_0393_0,user_0393,79.0,2025-08-03,Active
TX_user_0393_1,user_0393,79.0,2025-09-02,Active
TX_user_0393_2,user_0393,79.0,2025-10-02,Active
TX_user_0393_3,user_0393,79.0,2025-11-01,Active
TX_user_0393_4,user_0393,79.0,2025-12-01,Active
TX_user_0393_5,user_0393,79.0,2025-12-31,Active
TX_user_0394_0,user_0394,79.0,2025-12-08,Active
TX_user_0395_0,user_0395,29.0,2025-02-20,Active
TX_user_0395_1,user_0395,29.0,2025-03-22,Active
TX_user_0395_2,user_0395,29.0,2025-04-21,Active
TX_user_0395_3,user_0395,29.0,2025-05-21,Active
TX_user_0395_4,user_0395,29.0,2025-06-20,Active
TX_user_0395_5,user_0395,29.0,2025-07-20,Active
TX_user_0395_6,user_0395,29.0,2025-08-19,Active
TX_user_0395_7,user_0395,29.0,2025-09-18,Active
TX_user_0395_8,user_0395,29.0,2025-10-18,Active
TX_user_0395_9,user_0395,29.0,2025-11-17,Active
TX_user_0395_10,user_0395,29.0,2025-12-17,Active
TX_user_0396_0,user_0396,29.0,2025-06-02,Active
TX_user_0396_1,user_0396,29.0,2025-07-02,Active
TX_user_0396_2,user_0396,29.0,2025-08-01,Active
TX_user_0396_3,user_0396,29.0,2025-08-31,Active
TX_user_0396_4,user_0396,29.0,2025-09-30,Active
TX_user_0396_5,user_0396,29.0,2025-10-30,Active
TX_user_0396_6,user_0396,29.0,2025-11-29,Active
TX_user_0396_7,user_0396,29.0,2025-12-29,Active
TX_user_0397_0,user_0397,29.0,2025-07-05,Active
TX_user_0397_1,user_0397,29.0,2025-08-04,Active
TX_user_0397_2,user_0397,29.0,2025-09-03,Active
TX_user_0397_3,user_0397,29.0,2025-10-03,Active
TX_user_0397_4,user_0397,29.0,2025-11-02,Active
TX_user_0397_5,user_0397,29.0,2025-12-02,Active
TX_user_0398_0,user_0398,29.0,2025-03-04,Active
TX_user_0398_1,user_0398,29.0,2025-04-03,Active
TX_user_0398_2,user_0398,29.0,2025-05-03,Active
TX_user_0398_3,user_0398,29.0,2025-06-02,Active
TX_user_0398_4,user_0398,29.0,2025-07-02,Active
TX_user_0398_5,user_0398,29.0,2025-08-01,Active
TX_user_0398_6,user_0398,29.0,2025-08-31,Active
TX_user_0398_7,user_0398,29.0,2025-09-30,Active
TX_user_0398_8,user_0398,29.0,2025-10-30,Active
TX_user_0398_9,user_0398,29.0,2025-11-29,Active
TX_user_0398_10,user_0398,29.0,2025-12-29,Active
TX_user_0399_0,user_0399,79.0,2025-07-09,Active
TX_user_0399_1,user_0399,79.0,2025-08-08,Active
TX_user_0399_2,user_0399,79.0,2025-09-07,Active
TX_user_0399_3,user_0399,79.0,2025-10-07,Active
TX_user_0399_4,user_0399,79.0,2025-11-06,Active
TX_user_0399_5,user_0399,79.0,2025-12-06,Active
TX_user_0400_0,user_0400,29.0,2025-05-05,Active
TX_user_0400_1,user_0400,29.0,2025-06-04,Active
TX_user_0400_2,user_0400,29.0,2025-07-04,Active
TX_user_0400_3,user_0400,29.0,2025-08-03,Active
TX_user_0400_4,user_0400,29.0,2025-09-02,Churned
TX_user_0401_0,user_0401,29.0,2025-05-30,Active
TX_user_0401_1,user_0401,29.0,2025-06-29,Active
TX_user_0401_2,user_0401,29.0,2025-07-29,Active
TX_user_0401_3,user_0401,29.0,2025-08-28,Active
TX_user_0401_4,user_0401,29.0,2025-09-27,Active
TX_user_0401_5,user_0401,29.0,2025-10-27,Active
TX_user_0401_6,user_0401,29.0,2025-11-26,Active
TX_user_0401_7,user_0401,29.0,2025-12-26,Active
TX_user_0402_0,user_0402,299.0,2025-11-10,Active
TX_user_0402_1,user_0402,299.0,2025-12-10,Active
TX_user_0403_0,user_0403,299.0,2025-02-27,Active
TX_user_0403_1,user_0403,299.0,2025-03-29,Active
TX_user_0403_2,user_0403,299.0,2025-04-28,Active
TX_user_0403_3,user_0403,299.0,2025-05-28,Active
TX_user_0403_4,user_0403,299.0,2025-06-27,Active
TX_user_0403_5,user_0403,299.0,2025-07-27,Active
TX_user_0403_6,user_0403,299.0,2025-08-26,Active
TX_user_0403_7,user_0403,299.0,2025-09-25,Active
TX_user_0403_8,user_0403,299.0,2025-10-25,Active
TX_user_0403_9,user_0403,299.0,2025-11-24,Active
TX_user_0403_10,user_0403,299.0,2025-12-24,Active
TX_user_0404_0,user_0404,299.0,2025-12-08,Active
TX_user_0405_0,user_0405,299.0,2025-11-01,Active
TX_user_0405_1,user_0405,299.0,2025-12-01,Active
TX_user_0405_2,user_0405,299.0,2025-12-31,Active
TX_user_0406_0,user_0406,29.0,2025-06-29,Active
TX_user_0406_1,user_0406,29.0,2025-07-29,Active
TX_user_0406_2,user_0406,29.0,2025-08-28,Active
TX_user_0406_3,user_0406,29.0,2025-09-27,Active
TX_user_0406_4,user_0406,29.0,2025-10-27,Active
TX_user_0406_5,user_0406,29.0,2025-11-26,Active
TX_user_0406_6,user_0406,29.0,2025-12-26,Active
TX_user_0407_0,user_0407,29.0,2025-06-19,Active
TX_user_0407_1,user_0407,29.0,2025-07-19,Active
TX_user_0407_2,user_0407,29.0,2025-08-18,Churned
TX_user_0408_0,user_0408,79.0,2025-11-22,Active
TX_user_0408_1,user_0408,79.0,2025-12-22,Active
TX_user_0409_0,user_0409,79.0,2025-09-28,Active
TX_user_0409_1,user_0409,79.0,2025-10-28,Active
TX_user_0409_2,user_0409,79.0,2025-11-27,Active
TX_user_0409_3,user_0409,79.0,2025-12-27,Active
TX_user_0410_0,user_0410,29.0,2025-02-23,Active
TX_user_0410_1,user_0410,29.0,2025-03-25,Active
TX_user_0410_2,user_0410,29.0,2025-04-24,Active
TX_user_0410_3,user_0410,29.0,2025-05-24,Active
TX_user_0410_4,user_0410,29.0,2025-06-23,Active
TX_user_0410_5,user_0410,29.0,2025-07-23,Active
TX_user_0410_6,user_0410,29.0,2025-08-22,Active
TX_user_0410_7,user_0410,29.0,2025-09-21,Active
TX_user_0410_8,user_0410,29.0,2025-10-21,Active
TX_user_0410_9,user_0410,29.0,2025-11-20,Active
TX_user_0410_10,user_0410,29.0,2025-12-20,Active
TX_user_0411_0,user_0411,79.0,2025-04-11,Active
TX_user_0411_1,user_0411,79.0,2025-05-11,Active
TX_user_0411_2,user_0411,79.0,2025-06-10,Active
TX_user_0411_3,user_0411,79.0,2025-07-10,Active
TX_user_0411_4,user_0411,79.0,2025-08-09,Active
TX_user_0411_5,user_0411,79.0,2025-09-08,Active
TX_user_0411_6,user_0411,79.0,2025-10-08,Active
TX_user_0411_7,user_0411,79.0,2025-11-07,Active
TX_user_0411_8,user_0411,79.0,2025-12-07,Active
TX_user_0412_0,user_0412,29.0,2025-09-21,Active
TX_user_0412_1,user_0412,29.0,2025-10-21,Active
TX_user_0412_2,user_0412,29.0,2025-11-20,Active
TX_user_0412_3,user_0412,29.0,2025-12-20,Active
TX_user_0413_0,user_0413,29.0,2025-02-22,Active
TX_user_0413_1,user_0413,29.0,2025-03-24,Active
TX_user_0413_2,user_0413,29.0,2025-04-23,Active
TX_user_0413_3,user_0413,29.0,2025-05-23,Active
TX_user_0413_4,user_0413,29.0,2025-06-22,Active
TX_user_0413_5,user_0413,29.0,2025-07-22,Active
TX_user_0413_6,user_0413,29.0,2025-08-21,Active
TX_user_0413_7,user_0413,29.0,2025-09-20,Active
TX_user_0413_8,user_0413,29.0,2025-10-20,Active
TX_user_0413_9,user_0413,29.0,2025-11-19,Active
TX_user_0413_10,user_0413,29.0,2025-12-19,Active
TX_user_0414_0,user_0414,79.0,2025-03-01,Active
TX_user_0414_1,user_0414,79.0,2025-03-31,Active
TX_user_0414_2,user_0414,79.0,2025-04-30,Active
TX_user_0414_3,user_0414,79.0,2025-05-30,Active
TX_user_0414_4,user_0414,79.0,2025-06-29,Active
TX_user_0414_5,user_0414,79.0,2025-07-29,Churned
TX_user_0415_0,user_0415,79.0,2025-04-18,Active
TX_user_0415_1,user_0415,79.0,2025-05-18,Active
TX_user_0415_2,user_0415,79.0,2025-06-17,Active
TX_user_0415_3,user_0415,79.0,2025-07-17,Active
TX_user_0415_4,user_0415,79.0,2025-08-16,Active
TX_user_0415_5,user_0415,79.0,2025-09-15,Active
TX_user_0415_6,user_0415,79.0,2025-10-15,Active
TX_user_0415_7,user_0415,79.0,2025-11-14,Active
TX_user_0415_8,user_0415,79.0,2025-12-14,Active
TX_user_0416_0,user_0416,79.0,2025-01-05,Active
TX_user_0416_1,user_0416,79.0,2025-02-04,Active
TX_user_0416_2,user_0416,79.0,2025-03-06,Active
TX_user_0416_3,user_0416,79.0,2025-04-05,Churned
TX_user_0417_0,user_0417,29.0,2025-04-13,Active
TX_user_0417_1,user_0417,29.0,2025-05-13,Active
TX_user_0417_2,user_0417,29.0,2025-06-12,Active
TX_user_0417_3,user_0417,29.0,2025-07-12,Active
TX_user_0417_4,user_0417,29.0,2025-08-11,Active
TX_user_0417_5,user_0417,29.0,2025-09-10,Active
TX_user_0417_6,user_0417,29.0,2025-10-10,Active
TX_user_0417_7,user_0417,29.0,2025-11-09,Active
TX_user_0417_8,user_0417,29.0,2025-12-09,Active
TX_user_0418_0,user_0418,299.0,2025-07-15,Active
TX_user_0418_1,user_0418,299.0,2025-08-14,Active
TX_user_0418_2,user_0418,299.0,2025-09-13,Active
TX_user_0418_3,user_0418,299.0,2025-10-13,Active
TX_user_0418_4,user_0418,299.0,2025-11-12,Active
TX_user_0418_5,user_0418,299.0,2025-12-12,Active
TX_user_0419_0,user_0419,29.0,2025-09-19,Active
TX_user_0419_1,user_0419,29.0,2025-10-19,Active
TX_user_0419_2,user_0419,29.0,2025-11-18,Active
TX_user_0419_3,user_0419,29.0,2025-12-18,Active
TX_user_0420_0,user_0420,29.0,2025-12-31,Active
TX_user_0421_0,user_0421,299.0,2025-12-16,Active
TX_user_0422_0,user_0422,299.0,2025-02-16,Active
TX_user_0422_1,user_0422,299.0,2025-03-18,Active
TX_user_0422_2,user_0422,299.0,2025-04-17,Active
TX_user_0422_3,user_0422,299.0,2025-05-17,Active
TX_user_0422_4,user_0422,299.0,2025-06-16,Active
TX_user_0422_5,user_0422,299.0,2025-07-16,Active
TX_user_0422_6,user_0422,299.0,2025-08-15,Active
TX_user_0422_7,user_0422,299.0,2025-09-14,Active
TX_user_0422_8,user_0422,299.0,2025-10-14,Active
TX_user_0422_9,user_0422,299.0,2025-11-13,Active
TX_user_0422_10,user_0422,299.0,2025-12-13,Active
TX_user_0423_0,user_0423,299.0,2025-12-21,Active
TX_user_0424_0,user_0424,79.0,2025-11-07,Active
TX_user_0424_1,user_0424,79.0,2025-12-07,Active
TX_user_0425_0,user_0425,79.0,2025-11-04,Active
TX_user_0425_1,user_0425,79.0,2025-12-04,Active
TX_user_0426_0,user_0426,79.0,2025-05-24,Active
TX_user_0426_1,user_0426,79.0,2025-06-23,Active
TX_user_0426_2,user_0426,79.0,2025-07-23,Active
TX_user_0426_3,user_0426,79.0,2025-08-22,Active
TX_user_0426_4,user_0426,79.0,2025-09-21,Active
TX_user_0426_5,user_0426,79.0,2025-10-21,Active
TX_user_0426_6,user_0426,79.0,2025-11-20,Active
TX_user_0426_7,user_0426,79.0,2025-12-20,Active
TX_user_0427_0,user_0427,29.0,2025-09-26,Active
TX_user_0427_1,user_0427,29.0,2025-10-26,Active
TX_user_0427_2,user_0427,29.0,2025-11-25,Active
TX_user_0427_3,user_0427,29.0,2025-12-25,Active
TX_user_0428_0,user_0428,29.0,2025-05-04,Active
TX_user_0428_1,user_0428,29.0,2025-06-03,Active
TX_user_0428_2,user_0428,29.0,2025-07-03,Active
TX_user_0428_3,user_0428,29.0,2025-08-02,Active
TX_user_0428_4,user_0428,29.0,2025-09-01,Active
TX_user_0428_5,user_0428,29.0,2025-10-01,Active
TX_user_0428_6,user_0428,29.0,2025-10-31,Active
TX_user_0428_7,user_0428,29.0,2025-11-30,Active
TX_user_0428_8,user_0428,29.0,2025-12-30,Churned
TX_user_0429_0,user_0429,29.0,2025-04-16,Active
TX_user_0429_1,user_0429,29.0,2025-05-16,Active
TX_user_0429_2,user_0429,29.0,2025-06-15,Active
TX_user_0429_3,user_0429,29.0,2025-07-15,Active
TX_user_0429_4,user_0429,29.0,2025-08-14,Active
TX_user_0429_5,user_0429,29.0,2025-09-13,Active
TX_user_0429_6,user_0429,29.0,2025-10-13,Active
TX_user_0429_7,user_0429,29.0,2025-11-12,Active
TX_user_0429_8,user_0429,29.0,2025-12-12,Active
TX_user_0430_0,user_0430,29.0,2025-06-07,Active
TX_user_0430_1,user_0430,29.0,2025-07-07,Active
TX_user_0430_2,user_0430,29.0,2025-08-06,Active
TX_user_0430_3,user_0430,29.0,2025-09-05,Active
TX_user_0430_4,user_0430,29.0,2025-10-05,Active
TX_user_0430_5,user_0430,29.0,2025-11-04,Active
TX_user_0430_6,user_0430,29.0,2025-12-04,Active
TX_user_0431_0,user_0431,79.0,2025-05-27,Active
TX_user_0431_1,user_0431,79.0,2025-06-26,Active
TX_user_0431_2,user_0431,79.0,2025-07-26,Active
TX_user_0431_3,user_0431,79.0,2025-08-25,Active
TX_user_0431_4,user_0431,79.0,2025-09-24,Active
TX_user_0431_5,user_0431,79.0,2025-10-24,Active
TX_user_0431_6,user_0431,79.0,2025-11-23,Active
TX_user_0431_7,user_0431,79.0,2025-12-23,Active
TX_user_0432_0,user_0432,29.0,2025-05-25,Active
TX_user_0432_1,user_0432,29.0,2025-06-24,Active
TX_user_0432_2,user_0432,29.0,2025-07-24,Active
TX_user_0432_3,user_0432,29.0,2025-08-23,Active
TX_user_0432_4,user_0432,29.0,2025-09-22,Active
TX_user_0432_5,user_0432,29.0,2025-10-22,Active
TX_user_0432_6,user_0432,29.0,2025-11-21,Active
TX_user_0432_7,user_0432,29.0,2025-12-21,Active
TX_user_0433_0,user_0433,29.0,2025-04-30,Active
TX_user_0433_1,user_0433,29.0,2025-05-30,Active
TX_user_0433_2,user_0433,29.0,2025-06-29,Active
TX_user_0433_3,user_0433,29.0,2025-07-29,Active
TX_user_0433_4,user_0433,29.0,2025-08-28,Active
TX_user_0433_5,user_0433,29.0,2025-09-27,Active
TX_user_0433_6,user_0433,29.0,2025-10-27,Active
TX_user_0433_7,user_0433,29.0,2025-11-26,Active
TX_user_0433_8,user_0433,29.0,2025-12-26,Active
TX_user_0434_0,user_0434,29.0,2025-11-15,Active
TX_user_0434_1,user_0434,29.0,2025-12-15,Active
TX_user_0435_0,user_0435,79.0,2025-10-02,Active
TX_user_0435_1,user_0435,79.0,2025-11-01,Active
TX_user_0435_2,user_0435,79.0,2025-12-01,Active
TX_user_0435_3,user_0435,79.0,2025-12-31,Active
TX_user_0436_0,user_0436,29.0,2025-04-02,Active
TX_user_0436_1,user_0436,29.0,2025-05-02,Active
TX_user_0436_2,user_0436,29.0,2025-06-01,Active
TX_user_0436_3,user_0436,29.0,2025-07-01,Active
TX_user_0436_4,user_0436,29.0,2025-07-31,Active
TX_user_0436_5,user_0436,29.0,2025-08-30,Active
TX_user_0436_6,user_0436,29.0,2025-09-29,Active
TX_user_0436_7,user_0436,29.0,2025-10-29,Active
TX_user_0436_8,user_0436,29.0,2025-11-28,Active
TX_user_0436_9,user_0436,29.0,2025-12-28,Active
TX_user_0437_0,user_0437,299.0,2025-02-27,Active
TX_user_0437_1,user_0437,299.0,2025-03-29,Active
TX_user_0437_2,user_0437,299.0,2025-04-28,Active
TX_user_0437_3,user_0437,299.0,2025-05-28,Active
TX_user_0437_4,user_0437,299.0,2025-06-27,Active
TX_user_0437_5,user_0437,299.0,2025-07-27,Active
TX_user_0437_6,user_0437,299.0,2025-08-26,Active
TX_user_0437_7,user_0437,299.0,2025-09-25,Active
TX_user_0437_8,user_0437,299.0,2025-10-25,Active
TX_user_0437_9,user_0437,299.0,2025-11-24,Active
TX_user_0437_10,user_0437,299.0,2025-12-24,Active
TX_user_0438_0,user_0438,29.0,2025-12-12,Active
TX_user_0439_0,user_0439,29.0,2025-08-17,Active
TX_user_0439_1,user_0439,29.0,2025-09-16,Active
TX_user_0439_2,user_0439,29.0,2025-10-16,Active
TX_user_0439_3,user_0439,29.0,2025-11-15,Active
TX_user_0439_4,user_0439,29.0,2025-12-15,Active
TX_user_0440_0,user_0440,79.0,2025-04-27,Active
TX_user_0440_1,user_0440,79.0,2025-05-27,Active
TX_user_0440_2,user_0440,79.0,2025-06-26,Active
TX_user_0440_3,user_0440,79.0,2025-07-26,Active
TX_user_0440_4,user_0440,79.0,2025-08-25,Active
TX_user_0440_5,user_0440,79.0,2025-09-24,Active
TX_user_0440_6,user_0440,79.0,2025-10-24,Active
TX_user_0440_7,user_0440,79.0,2025-11-23,Active
TX_user_0440_8,user_0440,79.0,2025-12-23,Active
TX_user_0441_0,user_0441,79.0,2025-11-14,Active
TX_user_0441_1,user_0441,79.0,2025-12-14,Active
TX_user_0442_0,user_0442,29.0,2025-10-06,Active
TX_user_0442_1,user_0442,29.0,2025-11-05,Active
TX_user_0442_2,user_0442,29.0,2025-12-05,Active
TX_user_0443_0,user_0443,79.0,2025-05-07,Active
TX_user_0443_1,user_0443,79.0,2025-06-06,Active
TX_user_0443_2,user_0443,79.0,2025-07-06,Active
TX_user_0443_3,user_0443,79.0,2025-08-05,Active
TX_user_0443_4,user_0443,79.0,2025-09-04,Active
TX_user_0443_5,user_0443,79.0,2025-10-04,Active
TX_user_0443_6,user_0443,79.0,2025-11-03,Active
TX_user_0443_7,user_0443,79.0,2025-12-03,Active
TX_user_0444_0,user_0444,79.0,2025-05-09,Active
TX_user_0444_1,user_0444,79.0,2025-06-08,Active
TX_user_0444_2,user_0444,79.0,2025-07-08,Active
TX_user_0444_3,user_0444,79.0,2025-08-07,Active
TX_user_0444_4,user_0444,79.0,2025-09-06,Active
TX_user_0444_5,user_0444,79.0,2025-10-06,Active
TX_user_0444_6,user_0444,79.0,2025-11-05,Active
TX_user_0444_7,user_0444,79.0,2025-12-05,Active
TX_user_0445_0,user_0445,29.0,2025-02-27,Active
TX_user_0445_1,user_0445,29.0,2025-03-29,Active
TX_user_0445_2,user_0445,29.0,2025-04-28,Active
TX_user_0445_3,user_0445,29.0,2025-05-28,Active
TX_user_0445_4,user_0445,29.0,2025-06-27,Active
TX_user_0445_5,user_0445,29.0,2025-07-27,Active
TX_user_0445_6,user_0445,29.0,2025-08-26,Active
TX_user_0445_7,user_0445,29.0,2025-09-25,Active
TX_user_0445_8,user_0445,29.0,2025-10-25,Active
TX_user_0445_9,user_0445,29.0,2025-11-24,Active
TX_user_0445_10,user_0445,29.0,2025-12-24,Active
TX_user_0446_0,user_0446,299.0,2025-05-02,Active
TX_user_0446_1,user_0446,299.0,2025-06-01,Active
TX_user_0446_2,user_0446,299.0,2025-07-01,Active
TX_user_0446_3,user_0446,299.0,2025-07-31,Active
TX_user_0446_4,user_0446,299.0,2025-08-30,Churned
TX_user_0447_0,user_0447,79.0,2025-01-01,Active
TX_user_0447_1,user_0447,79.0,2025-01-31,Active
TX_user_0447_2,user_0447,79.0,2025-03-02,Active
TX_user_0447_3,user_0447,79.0,2025-04-01,Active
TX_user_0447_4,user_0447,79.0,2025-05-01,Active
TX_user_0447_5,user_0447,79.0,2025-05-31,Active
TX_user_0447_6,user_0447,79.0,2025-06-30,Active
TX_user_0447_7,user_0447,79.0,2025-07-30,Active
TX_user_0447_8,user_0447,79.0,2025-08-29,Active
TX_user_0447_9,user_0447,79.0,2025-09-28,Active
TX_user_0447_10,user_0447,79.0,2025-10-28,Active
TX_user_0447_11,user_0447,79.0,2025-11-27,Active
TX_user_0448_0,user_0448,79.0,2025-08-27,Active
TX_user_0448_1,user_0448,79.0,2025-09-26,Active
TX_user_0448_2,user_0448,79.0,2025-10-26,Active
TX_user_0448_3,user_0448,79.0,2025-11-25,Active
TX_user_0448_4,user_0448,79.0,2025-12-25,Active
TX_user_0449_0,user_0449,299.0,2025-10-17,Active
TX_user_0449_1,user_0449,299.0,2025-11-16,Active
TX_user_0449_2,user_0449,299.0,2025-12-16,Active
TX_user_0450_0,user_0450,299.0,2025-04-06,Active
TX_user_0450_1,user_0450,299.0,2025-05-06,Active
TX_user_0450_2,user_0450,299.0,2025-06-05,Active
TX_user_0450_3,user_0450,299.0,2025-07-05,Active
TX_user_0450_4,user_0450,299.0,2025-08-04,Active
TX_user_0450_5,user_0450,299.0,2025-09-03,Active
TX_user_0450_6,user_0450,299.0,2025-10-03,Active
TX_user_0450_7,user_0450,299.0,2025-11-02,Active
TX_user_0450_8,user_0450,299.0,2025-12-02,Active
TX_user_0451_0,user_0451,79.0,2025-05-06,Active
TX_user_0451_1,user_0451,79.0,2025-06-05,Active
TX_user_0451_2,user_0451,79.0,2025-07-05,Active
TX_user_0451_3,user_0451,79.0,2025-08-04,Active
TX_user_0451_4,user_0451,79.0,2025-09-03,Active
TX_user_0451_5,user_0451,79.0,2025-10-03,Active
TX_user_0451_6,user_0451,79.0,2025-11-02,Active
TX_user_0451_7,user_0451,79.0,2025-12-02,Active
TX_user_0452_0,user_0452,79.0,2025-04-28,Active
TX_user_0452_1,user_0452,79.0,2025-05-28,Active
TX_user_0452_2,user_0452,79.0,2025-06-27,Active
TX_user_0452_3,user_0452,79.0,2025-07-27,Active
TX_user_0452_4,user_0452,79.0,2025-08-26,Active
TX_user_0452_5,user_0452,79.0,2025-09-25,Active
TX_user_0452_6,user_0452,79.0,2025-10-25,Active
TX_user_0452_7,user_0452,79.0,2025-11-24,Active
TX_user_0452_8,user_0452,79.0,2025-12-24,Active
TX_user_0453_0,user_0453,79.0,2025-02-17,Active
TX_user_0453_1,user_0453,79.0,2025-03-19,Active
TX_user_0453_2,user_0453,79.0,2025-04-18,Active
TX_user_0453_3,user_0453,79.0,2025-05-18,Active
TX_user_0453_4,user_0453,79.0,2025-06-17,Active
TX_user_0453_5,user_0453,79.0,2025-07-17,Active
TX_user_0453_6,user_0453,79.0,2025-08-16,Active
TX_user_0453_7,user_0453,79.0,2025-09-15,Active
TX_user_0453_8,user_0453,79.0,2025-10-15,Active
TX_user_0453_9,user_0453,79.0,2025-11-14,Active
TX_user_0453_10,user_0453,79.0,2025-12-14,Active
TX_user_0454_0,user_0454,79.0,2025-03-30,Active
TX_user_0454_1,user_0454,79.0,2025-04-29,Active
TX_user_0454_2,user_0454,79.0,2025-05-29,Active
TX_user_0454_3,user_0454,79.0,2025-06-28,Active
TX_user_0454_4,user_0454,79.0,2025-07-28,Active
TX_user_0454_5,user_0454,79.0,2025-08-27,Active
TX_user_0454_6,user_0454,79.0,2025-09-26,Active
TX_user_0454_7,user_0454,79.0,2025-10-26,Active
TX_user_0454_8,user_0454,79.0,2025-11-25,Active
TX_user_0454_9,user_0454,79.0,2025-12-25,Active
TX_user_0455_0,user_0455,79.0,2025-08-25,Active
TX_user_0455_1,user_0455,79.0,2025-09-24,Active
TX_user_0455_2,user_0455,79.0,2025-10-24,Active
TX_user_0455_3,user_0455,79.0,2025-11-23,Active
TX_user_0455_4,user_0455,79.0,2025-12-23,Active
TX_user_0456_0,user_0456,79.0,2025-09-29,Active
TX_user_0456_1,user_0456,79.0,2025-10-29,Active
TX_user_0456_2,user_0456,79.0,2025-11-28,Active
TX_user_0456_3,user_0456,79.0,2025-12-28,Active
TX_user_0457_0,user_0457,29.0,2025-07-08,Active
TX_user_0457_1,user_0457,29.0,2025-08-07,Active
TX_user_0457_2,user_0457,29.0,2025-09-06,Active
TX_user_0457_3,user_0457,29.0,2025-10-06,Active
TX_user_0457_4,user_0457,29.0,2025-11-05,Active
TX_user_0457_5,user_0457,29.0,2025-12-05,Active
TX_user_0458_0,user_0458,299.0,2025-07-11,Active
TX_user_0458_1,user_0458,299.0,2025-08-10,Active
TX_user_0458_2,user_0458,299.0,2025-09-09,Active
TX_user_0458_3,user_0458,299.0,2025-10-09,Active
TX_user_0458_4,user_0458,299.0,2025-11-08,Active
TX_user_0458_5,user_0458,299.0,2025-12-08,Active
TX_user_0459_0,user_0459,299.0,2025-03-10,Active
TX_user_0459_1,user_0459,299.0,2025-04-09,Active
TX_user_0459_2,user_0459,299.0,2025-05-09,Active
TX_user_0459_3,user_0459,299.0,2025-06-08,Active
TX_user_0459_4,user_0459,299.0,2025-07-08,Active
TX_user_0459_5,user_0459,299.0,2025-08-07,Churned
TX_user_0460_0,user_0460,29.0,2025-10-05,Active
TX_user_0460_1,user_0460,29.0,2025-11-04,Active
TX_user_0460_2,user_0460,29.0,2025-12-04,Active
TX_user_0461_0,user_0461,79.0,2025-12-15,Active
TX_user_0462_0,user_0462,29.0,2025-09-04,Active
TX_user_0462_1,user_0462,29.0,2025-10-04,Active
TX_user_0462_2,user_0462,29.0,2025-11-03,Active
TX_user_0462_3,user_0462,29.0,2025-12-03,Active
TX_user_0463_0,user_0463,29.0,2025-03-17,Active
TX_user_0463_1,user_0463,29.0,2025-04-16,Active
TX_user_0463_2,user_0463,29.0,2025-05-16,Active
TX_user_0463_3,user_0463,29.0,2025-06-15,Active
TX_user_0463_4,user_0463,29.0,2025-07-15,Active
TX_user_0463_5,user_0463,29.0,2025-08-14,Active
TX_user_0463_6,user_0463,29.0,2025-09-13,Active
TX_user_0463_7,user_0463,29.0,2025-10-13,Active
TX_user_0463_8,user_0463,29.0,2025-11-12,Active
TX_user_0463_9,user_0463,29.0,2025-12-12,Active
TX_user_0464_0,user_0464,79.0,2025-06-03,Active
TX_user_0464_1,user_0464,79.0,2025-07-03,Active
TX_user_0464_2,user_0464,79.0,2025-08-02,Active
TX_user_0464_3,user_0464,79.0,2025-09-01,Active
TX_user_0464_4,user_0464,79.0,2025-10-01,Active
TX_user_0464_5,user_0464,79.0,2025-10-31,Active
TX_user_0464_6,user_0464,79.0,2025-11-30,Active
TX_user_0464_7,user_0464,79.0,2025-12-30,Active
TX_user_0465_0,user_0465,29.0,2025-05-24,Active
TX_user_0465_1,user_0465,29.0,2025-06-23,Active
TX_user_0465_2,user_0465,29.0,2025-07-23,Active
TX_user_0465_3,user_0465,29.0,2025-08-22,Active
TX_user_0465_4,user_0465,29.0,2025-09-21,Active
TX_user_0465_5,user_0465,29.0,2025-10-21,Active
TX_user_0465_6,user_0465,29.0,2025-11-20,Active
TX_user_0465_7,user_0465,29.0,2025-12-20,Active
TX_user_0466_0,user_0466,79.0,2025-03-27,Active
TX_user_0466_1,user_0466,79.0,2025-04-26,Active
TX_user_0466_2,user_0466,79.0,2025-05-26,Active
TX_user_0466_3,user_0466,79.0,2025-06-25,Active
TX_user_0466_4,user_0466,79.0,2025-07-25,Active
TX_user_0466_5,user_0466,79.0,2025-08-24,Active
TX_user_0466_6,user_0466,79.0,2025-09-23,Active
TX_user_0466_7,user_0466,79.0,2025-10-23,Active
TX_user_0466_8,user_0466,79.0,2025-11-22,Active
TX_user_0466_9,user_0466,79.0,2025-12-22,Active
TX_user_0467_0,user_0467,79.0,2025-07-04,Active
TX_user_0467_1,user_0467,79.0,2025-08-03,Active
TX_user_0467_2,user_0467,79.0,2025-09-02,Active
TX_user_0467_3,user_0467,79.0,2025-10-02,Active
TX_user_0467_4,user_0467,79.0,2025-11-01,Active
TX_user_0467_5,user_0467,79.0,2025-12-01,Active
TX_user_0467_6,user_0467,79.0,2025-12-31,Active
TX_user_0468_0,user_0468,79.0,2025-10-12,Active
TX_user_0468_1,user_0468,79.0,2025-11-11,Active
TX_user_0468_2,user_0468,79.0,2025-12-11,Active
TX_user_0469_0,user_0469,29.0,2025-08-08,Active
TX_user_0469_1,user_0469,29.0,2025-09-07,Active
TX_user_0469_2,user_0469,29.0,2025-10-07,Active
TX_user_0469_3,user_0469,29.0,2025-11-06,Active
TX_user_0469_4,user_0469,29.0,2025-12-06,Active
TX_user_0470_0,user_0470,29.0,2025-03-10,Active
TX_user_0470_1,user_0470,29.0,2025-04-09,Active
TX_user_0470_2,user_0470,29.0,2025-05-09,Active
TX_user_0470_3,user_0470,29.0,2025-06-08,Active
TX_user_0470_4,user_0470,29.0,2025-07-08,Active
TX_user_0470_5,user_0470,29.0,2025-08-07,Active
TX_user_0470_6,user_0470,29.0,2025-09-06,Active
TX_user_0470_7,user_0470,29.0,2025-10-06,Active
TX_user_0470_8,user_0470,29.0,2025-11-05,Active
TX_user_0470_9,user_0470,29.0,2025-12-05,Active
TX_user_0471_0,user_0471,79.0,2025-02-16,Active
TX_user_0471_1,user_0471,79.0,2025-03-18,Active
TX_user_0471_2,user_0471,79.0,2025-04-17,Active
TX_user_0471_3,user_0471,79.0,2025-05-17,Active
TX_user_0471_4,user_0471,79.0,2025-06-16,Active
TX_user_0471_5,user_0471,79.0,2025-07-16,Active
TX_user_0471_6,user_0471,79.0,2025-08-15,Active
TX_user_0471_7,user_0471,79.0,2025-09-14,Active
TX_user_0471_8,user_0471,79.0,2025-10-14,Active
TX_user_0471_9,user_0471,79.0,2025-11-13,Active
TX_user_0471_10,user_0471,79.0,2025-12-13,Active
TX_user_0472_0,user_0472,299.0,2025-04-04,Active
TX_user_0472_1,user_0472,299.0,2025-05-04,Active
TX_user_0472_2,user_0472,299.0,2025-06-03,Active
TX_user_0472_3,user_0472,299.0,2025-07-03,Active
TX_user_0472_4,user_0472,299.0,2025-08-02,Active
TX_user_0472_5,user_0472,299.0,2025-09-01,Active
TX_user_0472_6,user_0472,299.0,2025-10-01,Active
TX_user_0472_7,user_0472,299.0,2025-10-31,Active
TX_user_0472_8,user_0472,299.0,2025-11-30,Active
TX_user_0472_9,user_0472,299.0,2025-12-30,Active
TX_user_0473_0,user_0473,79.0,2025-08-26,Active
TX_user_0473_1,user_0473,79.0,2025-09-25,Active
TX_user_0473_2,user_0473,79.0,2025-10-25,Active
TX_user_0473_3,user_0473,79.0,2025-11-24,Active
TX_user_0473_4,user_0473,79.0,2025-12-24,Active
TX_user_0474_0,user_0474,29.0,2025-07-23,Active
TX_user_0474_1,user_0474,29.0,2025-08-22,Active
TX_user_0474_2,user_0474,29.0,2025-09-21,Active
TX_user_0474_3,user_0474,29.0,2025-10-21,Active
TX_user_0474_4,user_0474,29.0,2025-11-20,Active
TX_user_0474_5,user_0474,29.0,2025-12-20,Active
TX_user_0475_0,user_0475,79.0,2025-08-06,Active
TX_user_0475_1,user_0475,79.0,2025-09-05,Active
TX_user_0475_2,user_0475,79.0,2025-10-05,Active
TX_user_0475_3,user_0475,79.0,2025-11-04,Active
TX_user_0475_4,user_0475,79.0,2025-12-04,Active
TX_user_0476_0,user_0476,79.0,2025-12-07,Active
TX_user_0477_0,user_0477,79.0,2025-02-08,Active
TX_user_0477_1,user_0477,79.0,2025-03-10,Active
TX_user_0477_2,user_0477,79.0,2025-04-09,Active
TX_user_0477_3,user_0477,79.0,2025-05-09,Active
TX_user_0477_4,user_0477,79.0,2025-06-08,Active
TX_user_0477_5,user_0477,79.0,2025-07-08,Active
TX_user_0477_6,user_0477,79.0,2025-08-07,Active
TX_user_0477_7,user_0477,79.0,2025-09-06,Active
TX_user_0477_8,user_0477,79.0,2025-10-06,Active
TX_user_0477_9,user_0477,79.0,2025-11-05,Active
TX_user_0477_10,user_0477,79.0,2025-12-05,Active
TX_user_0478_0,user_0478,29.0,2025-04-10,Active
TX_user_0478_1,user_0478,29.0,2025-05-10,Active
TX_user_0478_2,user_0478,29.0,2025-06-09,Active
TX_user_0478_3,user_0478,29.0,2025-07-09,Active
TX_user_0478_4,user_0478,29.0,2025-08-08,Active
TX_user_0478_5,user_0478,29.0,2025-09-07,Active
TX_user_0478_6,user_0478,29.0,2025-10-07,Active
TX_user_0478_7,user_0478,29.0,2025-11-06,Active
TX_user_0478_8,user_0478,29.0,2025-12-06,Active
TX_user_0479_0,user_0479,79.0,2025-10-16,Active
TX_user_0479_1,user_0479,79.0,2025-11-15,Active
TX_user_0479_2,user_0479,79.0,2025-12-15,Active
TX_user_0480_0,user_0480,79.0,2025-09-11,Active
TX_user_0480_1,user_0480,79.0,2025-10-11,Active
TX_user_0480_2,user_0480,79.0,2025-11-10,Active
TX_user_0480_3,user_0480,79.0,2025-12-10,Active
TX_user_0481_0,user_0481,299.0,2025-08-10,Active
TX_user_0481_1,user_0481,299.0,2025-09-09,Active
TX_user_0481_2,user_0481,299.0,2025-10-09,Active
TX_user_0481_3,user_0481,299.0,2025-11-08,Active
TX_user_0481_4,user_0481,299.0,2025-12-08,Active
TX_user_0482_0,user_0482,29.0,2025-12-23,Active
TX_user_0483_0,user_0483,79.0,2025-01-23,Active
TX_user_0483_1,user_0483,79.0,2025-02-22,Active
TX_user_0483_2,user_0483,79.0,2025-03-24,Active
TX_user_0483_3,user_0483,79.0,2025-04-23,Active
TX_user_0483_4,user_0483,79.0,2025-05-23,Active
TX_user_0483_5,user_0483,79.0,2025-06-22,Active
TX_user_0483_6,user_0483,79.0,2025-07-22,Active
TX_user_0483_7,user_0483,79.0,2025-08-21,Active
TX_user_0483_8,user_0483,79.0,2025-09-20,Active
TX_user_0483_9,user_0483,79.0,2025-10-20,Active
TX_user_0483_10,user_0483,79.0,2025-11-19,Active
TX_user_0483_11,user_0483,79.0,2025-12-19,Active
TX_user_0484_0,user_0484,299.0,2025-09-07,Active
TX_user_0484_1,user_0484,299.0,2025-10-07,Active
TX_user_0484_2,user_0484,299.0,2025-11-06,Active
TX_user_0484_3,user_0484,299.0,2025-12-06,Active
TX_user_0485_0,user_0485,29.0,2025-01-10,Active
TX_user_0485_1,user_0485,29.0,2025-02-09,Active
TX_user_0485_2,user_0485,29.0,2025-03-11,Active
TX_user_0485_3,user_0485,29.0,2025-04-10,Active
TX_user_0485_4,user_0485,29.0,2025-05-10,Active
TX_user_0485_5,user_0485,29.0,2025-06-09,Active
TX_user_0485_6,user_0485,29.0,2025-07-09,Active
TX_user_0485_7,user_0485,29.0,2025-08-08,Active
TX_user_0485_8,user_0485,29.0,2025-09-07,Active
TX_user_0485_9,user_0485,29.0,2025-10-07,Active
TX_user_0485_10,user_0485,29.0,2025-11-06,Active
TX_user_0485_11,user_0485,29.0,2025-12-06,Active
TX_user_0486_0,user_0486,299.0,2025-09-03,Active
TX_user_0486_1,user_0486,299.0,2025-10-03,Active
TX_user_0486_2,user_0486,299.0,2025-11-02,Active
TX_user_0486_3,user_0486,299.0,2025-12-02,Active
TX_user_0487_0,user_0487,79.0,2025-11-21,Active
TX_user_0487_1,user_0487,79.0,2025-12-21,Active
TX_user_0488_0,user_0488,29.0,2025-04-10,Active
TX_user_0488_1,user_0488,29.0,2025-05-10,Active
TX_user_0488_2,user_0488,29.0,2025-06-09,Active
TX_user_0488_3,user_0488,29.0,2025-07-09,Active
TX_user_0488_4,user_0488,29.0,2025-08-08,Active
TX_user_0488_5,user_0488,29.0,2025-09-07,Active
TX_user_0488_6,user_0488,29.0,2025-10-07,Active
TX_user_0488_7,user_0488,29.0,2025-11-06,Active
TX_user_0488_8,user_0488,29.0,2025-12-06,Active
TX_user_0489_0,user_0489,29.0,2025-10-17,Active
TX_user_0489_1,user_0489,29.0,2025-11-16,Active
TX_user_0489_2,user_0489,29.0,2025-12-16,Active
TX_user_0490_0,user_0490,79.0,2025-06-29,Active
TX_user_0490_1,user_0490,79.0,2025-07-29,Active
TX_user_0490_2,user_0490,79.0,2025-08-28,Active
TX_user_0490_3,user_0490,79.0,2025-09-27,Active
TX_user_0490_4,user_0490,79.0,2025-10-27,Active
TX_user_0490_5,user_0490,79.0,2025-11-26,Active
TX_user_0490_6,user_0490,79.0,2025-12-26,Active
TX_user_0491_0,user_0491,29.0,2025-08-11,Active
TX_user_0491_1,user_0491,29.0,2025-09-10,Active
TX_user_0491_2,user_0491,29.0,2025-10-10,Active
TX_user_0491_3,user_0491,29.0,2025-11-09,Active
TX_user_0491_4,user_0491,29.0,2025-12-09,Active
TX_user_0492_0,user_0492,79.0,2025-09-07,Active
TX_user_0492_1,user_0492,79.0,2025-10-07,Active
TX_user_0492_2,user_0492,79.0,2025-11-06,Active
TX_user_0492_3,user_0492,79.0,2025-12-06,Active
TX_user_0493_0,user_0493,29.0,2025-05-27,Active
TX_user_0493_1,user_0493,29.0,2025-06-26,Active
TX_user_0493_2,user_0493,29.0,2025-07-26,Active
TX_user_0493_3,user_0493,29.0,2025-08-25,Active
TX_user_0493_4,user_0493,29.0,2025-09-24,Active
TX_user_0493_5,user_0493,29.0,2025-10-24,Churned
TX_user_0494_0,user_0494,79.0,2025-04-06,Active
TX_user_0494_1,user_0494,79.0,2025-05-06,Active
TX_user_0494_2,user_0494,79.0,2025-06-05,Active
TX_user_0494_3,user_0494,79.0,2025-07-05,Active
TX_user_0494_4,user_0494,79.0,2025-08-04,Active
TX_user_0494_5,user_0494,79.0,2025-09-03,Active
TX_user_0494_6,user_0494,79.0,2025-10-03,Active
TX_user_0494_7,user_0494,79.0,2025-11-02,Active
TX_user_0494_8,user_0494,79.0,2025-12-02,Active
TX_user_0495_0,user_0495,29.0,2025-09-14,Active
TX_user_0495_1,user_0495,29.0,2025-10-14,Active
TX_user_0495_2,user_0495,29.0,2025-11-13,Active
TX_user_0495_3,user_0495,29.0,2025-12-13,Churned
TX_user_0496_0,user_0496,299.0,2025-11-21,Active
TX_user_0496_1,user_0496,299.0,2025-12-21,Active
TX_user_0497_0,user_0497,299.0,2025-01-04,Active
TX_user_0497_1,user_0497,299.0,2025-02-03,Active
TX_user_0497_2,user_0497,299.0,2025-03-05,Active
TX_user_0497_3,user_0497,299.0,2025-04-04,Active
TX_user_0497_4,user_0497,299.0,2025-05-04,Active
TX_user_0497_5,user_0497,299.0,2025-06-03,Active
TX_user_0497_6,user_0497,299.0,2025-07-03,Active
TX_user_0497_7,user_0497,299.0,2025-08-02,Active
TX_user_0497_8,user_0497,299.0,2025-09-01,Active
TX_user_0497_9,user_0497,299.0,2025-10-01,Active
TX_user_0497_10,user_0497,299.0,2025-10-31,Active
TX_user_0497_11,user_0497,299.0,2025-11-30,Active
TX_user_0498_0,user_0498,299.0,2025-01-16,Active
TX_user_0498_1,user_0498,299.0,2025-02-15,Active
TX_user_0498_2,user_0498,299.0,2025-03-17,Active
TX_user_0498_3,user_0498,299.0,2025-04-16,Active
TX_user_0498_4,user_0498,299.0,2025-05-16,Active
TX_user_0498_5,user_0498,299.0,2025-06-15,Active
TX_user_0498_6,user_0498,299.0,2025-07-15,Active
TX_user_0498_7,user_0498,299.0,2025-08-14,Active
TX_user_0498_8,user_0498,299.0,2025-09-13,Active
TX_user_0498_9,user_0498,299.0,2025-10-13,Active
TX_user_0498_10,user_0498,299.0,2025-11-12,Active
TX_user_0498_11,user_0498,299.0,2025-12-12,Active
TX_user_0499_0,user_0499,79.0,2025-10-07,Active
TX_user_0499_1,user_0499,79.0,2025-11-06,Active
TX_user_0499_2,user_0499,79.0,2025-12-06,Active
TX_user_0500_0,user_0500,29.0,2025-12-02,Active
TX_user_0501_0,user_0501,79.0,2025-09-04,Active
TX_user_0501_1,user_0501,79.0,2025-10-04,Active
TX_user_0501_2,user_0501,79.0,2025-11-03,Active
TX_user_0501_3,user_0501,79.0,2025-12-03,Active
TX_user_0502_0,user_0502,29.0,2025-09-15,Active
TX_user_0502_1,user_0502,29.0,2025-10-15,Active
TX_user_0502_2,user_0502,29.0,2025-11-14,Active
TX_user_0502_3,user_0502,29.0,2025-12-14,Active
TX_user_0503_0,user_0503,29.0,2025-06-09,Active
TX_user_0503_1,user_0503,29.0,2025-07-09,Active
TX_user_0503_2,user_0503,29.0,2025-08-08,Active
TX_user_0503_3,user_0503,29.0,2025-09-07,Active
TX_user_0503_4,user_0503,29.0,2025-10-07,Active
TX_user_0503_5,user_0503,29.0,2025-11-06,Active
TX_user_0503_6,user_0503,29.0,2025-12-06,Active
TX_user_0504_0,user_0504,29.0,2025-12-06,Active
TX_user_0505_0,user_0505,29.0,2025-06-01,Active
TX_user_0505_1,user_0505,29.0,2025-07-01,Active
TX_user_0505_2,user_0505,29.0,2025-07-31,Active
TX_user_0505_3,user_0505,29.0,2025-08-30,Active
TX_user_0505_4,user_0505,29.0,2025-09-29,Active
TX_user_0505_5,user_0505,29.0,2025-10-29,Active
TX_user_0505_6,user_0505,29.0,2025-11-28,Active
TX_user_0505_7,user_0505,29.0,2025-12-28,Active
TX_user_0506_0,user_0506,79.0,2025-06-27,Active
TX_user_0506_1,user_0506,79.0,2025-07-27,Active
TX_user_0506_2,user_0506,79.0,2025-08-26,Active
TX_user_0506_3,user_0506,79.0,2025-09-25,Active
TX_user_0506_4,user_0506,79.0,2025-10-25,Active
TX_user_0506_5,user_0506,79.0,2025-11-24,Active
TX_user_0506_6,user_0506,79.0,2025-12-24,Active
TX_user_0507_0,user_0507,79.0,2025-06-12,Active
TX_user_0507_1,user_0507,79.0,2025-07-12,Active
TX_user_0507_2,user_0507,79.0,2025-08-11,Active
TX_user_0507_3,user_0507,79.0,2025-09-10,Active
TX_user_0507_4,user_0507,79.0,2025-10-10,Active
TX_user_0507_5,user_0507,79.0,2025-11-09,Active
TX_user_0507_6,user_0507,79.0,2025-12-09,Active
TX_user_0508_0,user_0508,29.0,2025-02-02,Active
TX_user_0508_1,user_0508,29.0,2025-03-04,Active
TX_user_0508_2,user_0508,29.0,2025-04-03,Active
TX_user_0508_3,user_0508,29.0,2025-05-03,Active
TX_user_0508_4,user_0508,29.0,2025-06-02,Active
TX_user_0508_5,user_0508,29.0,2025-07-02,Active
TX_user_0508_6,user_0508,29.0,2025-08-01,Active
TX_user_0508_7,user_0508,29.0,2025-08-31,Active
TX_user_0508_8,user_0508,29.0,2025-09-30,Active
TX_user_0508_9,user_0508,29.0,2025-10-30,Active
TX_user_0508_10,user_0508,29.0,2025-11-29,Active
TX_user_0508_11,user_0508,29.0,2025-12-29,Active
TX_user_0509_0,user_0509,29.0,2025-06-28,Active
TX_user_0509_1,user_0509,29.0,2025-07-28,Active
TX_user_0509_2,user_0509,29.0,2025-08-27,Active
TX_user_0509_3,user_0509,29.0,2025-09-26,Active
TX_user_0509_4,user_0509,29.0,2025-10-26,Active
TX_user_0509_5,user_0509,29.0,2025-11-25,Active
TX_user_0509_6,user_0509,29.0,2025-12-25,Active
TX_user_0510_0,user_0510,299.0,2025-04-11,Active
TX_user_0510_1,user_0510,299.0,2025-05-11,Active
TX_user_0510_2,user_0510,299.0,2025-06-10,Active
TX_user_0510_3,user_0510,299.0,2025-07-10,Active
TX_user_0510_4,user_0510,299.0,2025-08-09,Active
TX_user_0510_5,user_0510,299.0,2025-09-08,Active
TX_user_0510_6,user_0510,299.0,2025-10-08,Active
TX_user_0510_7,user_0510,299.0,2025-11-07,Active
TX_user_0510_8,user_0510,299.0,2025-12-07,Active
TX_user_0511_0,user_0511,29.0,2025-09-25,Active
TX_user_0511_1,user_0511,29.0,2025-10-25,Active
TX_user_0511_2,user_0511,29.0,2025-11-24,Active
TX_user_0511_3,user_0511,29.0,2025-12-24,Active
TX_user_0512_0,user_0512,29.0,2025-11-19,Active
TX_user_0512_1,user_0512,29.0,2025-12-19,Active
TX_user_0513_0,user_0513,29.0,2025-03-06,Active
TX_user_0513_1,user_0513,29.0,2025-04-05,Active
TX_user_0513_2,user_0513,29.0,2025-05-05,Active
TX_user_0513_3,user_0513,29.0,2025-06-04,Active
TX_user_0513_4,user_0513,29.0,2025-07-04,Active
TX_user_0513_5,user_0513,29.0,2025-08-03,Active
TX_user_0513_6,user_0513,29.0,2025-09-02,Active
TX_user_0513_7,user_0513,29.0,2025-10-02,Active
TX_user_0513_8,user_0513,29.0,2025-11-01,Active
TX_user_0513_9,user_0513,29.0,2025-12-01,Active
TX_user_0513_10,user_0513,29.0,2025-12-31,Active
TX_user_0514_0,user_0514,79.0,2025-06-17,Active
TX_user_0514_1,user_0514,79.0,2025-07-17,Active
TX_user_0514_2,user_0514,79.0,2025-08-16,Active
TX_user_0514_3,user_0514,79.0,2025-09-15,Active
TX_user_0514_4,user_0514,79.0,2025-10-15,Active
TX_user_0514_5,user_0514,79.0,2025-11-14,Active
TX_user_0514_6,user_0514,79.0,2025-12-14,Active
TX_user_0515_0,user_0515,79.0,2025-11-26,Active
TX_user_0515_1,user_0515,79.0,2025-12-26,Active
TX_user_0516_0,user_0516,29.0,2025-02-12,Active
TX_user_0516_1,user_0516,29.0,2025-03-14,Active
TX_user_0516_2,user_0516,29.0,2025-04-13,Active
TX_user_0516_3,user_0516,29.0,2025-05-13,Active
TX_user_0516_4,user_0516,29.0,2025-06-12,Active
TX_user_0516_5,user_0516,29.0,2025-07-12,Active
TX_user_0516_6,user_0516,29.0,2025-08-11,Active
TX_user_0516_7,user_0516,29.0,2025-09-10,Active
TX_user_0516_8,user_0516,29.0,2025-10-10,Active
TX_user_0516_9,user_0516,29.0,2025-11-09,Active
TX_user_0516_10,user_0516,29.0,2025-12-09,Active
TX_user_0517_0,user_0517,29.0,2025-02-13,Active
TX_user_0517_1,user_0517,29.0,2025-03-15,Active
TX_user_0517_2,user_0517,29.0,2025-04-14,Active
TX_user_0517_3,user_0517,29.0,2025-05-14,Active
TX_user_0517_4,user_0517,29.0,2025-06-13,Active
TX_user_0517_5,user_0517,29.0,2025-07-13,Active
TX_user_0517_6,user_0517,29.0,2025-08-12,Active
TX_user_0517_7,user_0517,29.0,2025-09-11,Active
TX_user_0517_8,user_0517,29.0,2025-10-11,Active
TX_user_0517_9,user_0517,29.0,2025-11-10,Active
TX_user_0517_10,user_0517,29.0,2025-12-10,Active
TX_user_0518_0,user_0518,79.0,2025-10-12,Active
TX_user_0518_1,user_0518,79.0,2025-11-11,Active
TX_user_0518_2,user_0518,79.0,2025-12-11,Active
TX_user_0519_0,user_0519,79.0,2025-01-12,Active
TX_user_0519_1,user_0519,79.0,2025-02-11,Active
TX_user_0519_2,user_0519,79.0,2025-03-13,Active
TX_user_0519_3,user_0519,79.0,2025-04-12,Active
TX_user_0519_4,user_0519,79.0,2025-05-12,Active
TX_user_0519_5,user_0519,79.0,2025-06-11,Active
TX_user_0519_6,user_0519,79.0,2025-07-11,Active
TX_user_0519_7,user_0519,79.0,2025-08-10,Active
TX_user_0519_8,user_0519,79.0,2025-09-09,Active
TX_user_0519_9,user_0519,79.0,2025-10-09,Active
TX_user_0519_10,user_0519,79.0,2025-11-08,Active
TX_user_0519_11,user_0519,79.0,2025-12-08,Active
TX_user_0520_0,user_0520,29.0,2025-04-05,Active
TX_user_0520_1,user_0520,29.0,2025-05-05,Active
TX_user_0520_2,user_0520,29.0,2025-06-04,Active
TX_user_0520_3,user_0520,29.0,2025-07-04,Active
TX_user_0520_4,user_0520,29.0,2025-08-03,Active
TX_user_0520_5,user_0520,29.0,2025-09-02,Active
TX_user_0520_6,user_0520,29.0,2025-10-02,Active
TX_user_0520_7,user_0520,29.0,2025-11-01,Active
TX_user_0520_8,user_0520,29.0,2025-12-01,Active
TX_user_0520_9,user_0520,29.0,2025-12-31,Active
TX_user_0521_0,user_0521,299.0,2025-10-29,Active
TX_user_0521_1,user_0521,299.0,2025-11-28,Active
TX_user_0521_2,user_0521,299.0,2025-12-28,Active
TX_user_0522_0,user_0522,29.0,2025-09-10,Active
TX_user_0522_1,user_0522,29.0,2025-10-10,Active
TX_user_0522_2,user_0522,29.0,2025-11-09,Active
TX_user_0522_3,user_0522,29.0,2025-12-09,Active
TX_user_0523_0,user_0523,29.0,2025-08-30,Active
TX_user_0523_1,user_0523,29.0,2025-09-29,Active
TX_user_0523_2,user_0523,29.0,2025-10-29,Active
TX_user_0523_3,user_0523,29.0,2025-11-28,Active
TX_user_0523_4,user_0523,29.0,2025-12-28,Active
TX_user_0524_0,user_0524,299.0,2025-02-04,Active
TX_user_0524_1,user_0524,299.0,2025-03-06,Active
TX_user_0524_2,user_0524,299.0,2025-04-05,Active
TX_user_0524_3,user_0524,299.0,2025-05-05,Active
TX_user_0524_4,user_0524,299.0,2025-06-04,Active
TX_user_0524_5,user_0524,299.0,2025-07-04,Active
TX_user_0524_6,user_0524,299.0,2025-08-03,Active
TX_user_0524_7,user_0524,299.0,2025-09-02,Active
TX_user_0524_8,user_0524,299.0,2025-10-02,Active
TX_user_0524_9,user_0524,299.0,2025-11-01,Active
TX_user_0524_10,user_0524,299.0,2025-12-01,Active
TX_user_0524_11,user_0524,299.0,2025-12-31,Active
TX_user_0525_0,user_0525,29.0,2025-08-03,Active
TX_user_0525_1,user_0525,29.0,2025-09-02,Active
TX_user_0525_2,user_0525,29.0,2025-10-02,Active
TX_user_0525_3,user_0525,29.0,2025-11-01,Active
TX_user_0525_4,user_0525,29.0,2025-12-01,Churned
TX_user_0526_0,user_0526,79.0,2025-12-03,Active
TX_user_0527_0,user_0527,29.0,2025-03-31,Active
TX_user_0527_1,user_0527,29.0,2025-04-30,Active
TX_user_0527_2,user_0527,29.0,2025-05-30,Active
TX_user_0527_3,user_0527,29.0,2025-06-29,Active
TX_user_0527_4,user_0527,29.0,2025-07-29,Active
TX_user_0527_5,user_0527,29.0,2025-08-28,Active
TX_user_0527_6,user_0527,29.0,2025-09-27,Active
TX_user_0527_7,user_0527,29.0,2025-10-27,Active
TX_user_0527_8,user_0527,29.0,2025-11-26,Active
TX_user_0527_9,user_0527,29.0,2025-12-26,Active
TX_user_0528_0,user_0528,29.0,2025-09-21,Active
TX_user_0528_1,user_0528,29.0,2025-10-21,Active
TX_user_0528_2,user_0528,29.0,2025-11-20,Active
TX_user_0528_3,user_0528,29.0,2025-12-20,Active
TX_user_0529_0,user_0529,299.0,2025-04-03,Active
TX_user_0529_1,user_0529,299.0,2025-05-03,Active
TX_user_0529_2,user_0529,299.0,2025-06-02,Active
TX_user_0529_3,user_0529,299.0,2025-07-02,Active
TX_user_0529_4,user_0529,299.0,2025-08-01,Active
TX_user_0529_5,user_0529,299.0,2025-08-31,Active
TX_user_0529_6,user_0529,299.0,2025-09-30,Active
TX_user_0529_7,user_0529,299.0,2025-10-30,Active
TX_user_0529_8,user_0529,299.0,2025-11-29,Active
TX_user_0529_9,user_0529,299.0,2025-12-29,Active
TX_user_0530_0,user_0530,29.0,2025-03-31,Active
TX_user_0530_1,user_0530,29.0,2025-04-30,Active
TX_user_0530_2,user_0530,29.0,2025-05-30,Active
TX_user_0530_3,user_0530,29.0,2025-06-29,Active
TX_user_0530_4,user_0530,29.0,2025-07-29,Active
TX_user_0530_5,user_0530,29.0,2025-08-28,Active
TX_user_0530_6,user_0530,29.0,2025-09-27,Active
TX_user_0530_7,user_0530,29.0,2025-10-27,Active
TX_user_0530_8,user_0530,29.0,2025-11-26,Active
TX_user_0530_9,user_0530,29.0,2025-12-26,Active
TX_user_0531_0,user_0531,299.0,2025-04-25,Active
TX_user_0531_1,user_0531,299.0,2025-05-25,Active
TX_user_0531_2,user_0531,299.0,2025-06-24,Active
TX_user_0531_3,user_0531,299.0,2025-07-24,Active
TX_user_0531_4,user_0531,299.0,2025-08-23,Active
TX_user_0531_5,user_0531,299.0,2025-09-22,Active
TX_user_0531_6,user_0531,299.0,2025-10-22,Active
TX_user_0531_7,user_0531,299.0,2025-11-21,Active
TX_user_0531_8,user_0531,299.0,2025-12-21,Active
TX_user_0532_0,user_0532,29.0,2025-04-15,Active
TX_user_0532_1,user_0532,29.0,2025-05-15,Active
TX_user_0532_2,user_0532,29.0,2025-06-14,Active
TX_user_0532_3,user_0532,29.0,2025-07-14,Active
TX_user_0532_4,user_0532,29.0,2025-08-13,Active
TX_user_0532_5,user_0532,29.0,2025-09-12,Active
TX_user_0532_6,user_0532,29.0,2025-10-12,Active
TX_user_0532_7,user_0532,29.0,2025-11-11,Active
TX_user_0532_8,user_0532,29.0,2025-12-11,Active
TX_user_0533_0,user_0533,29.0,2025-07-15,Active
TX_user_0533_1,user_0533,29.0,2025-08-14,Active
TX_user_0533_2,user_0533,29.0,2025-09-13,Active
TX_user_0533_3,user_0533,29.0,2025-10-13,Active
TX_user_0533_4,user_0533,29.0,2025-11-12,Active
TX_user_0533_5,user_0533,29.0,2025-12-12,Active
TX_user_0534_0,user_0534,29.0,2025-11-10,Active
TX_user_0534_1,user_0534,29.0,2025-12-10,Active
TX_user_0535_0,user_0535,79.0,2025-04-24,Active
TX_user_0535_1,user_0535,79.0,2025-05-24,Active
TX_user_0535_2,user_0535,79.0,2025-06-23,Active
TX_user_0535_3,user_0535,79.0,2025-07-23,Active
TX_user_0535_4,user_0535,79.0,2025-08-22,Active
TX_user_0535_5,user_0535,79.0,2025-09-21,Active
TX_user_0535_6,user_0535,79.0,2025-10-21,Active
TX_user_0535_7,user_0535,79.0,2025-11-20,Active
TX_user_0535_8,user_0535,79.0,2025-12-20,Active
TX_user_0536_0,user_0536,29.0,2025-03-16,Active
TX_user_0536_1,user_0536,29.0,2025-04-15,Active
TX_user_0536_2,user_0536,29.0,2025-05-15,Active
TX_user_0536_3,user_0536,29.0,2025-06-14,Active
TX_user_0536_4,user_0536,29.0,2025-07-14,Active
TX_user_0536_5,user_0536,29.0,2025-08-13,Active
TX_user_0536_6,user_0536,29.0,2025-09-12,Active
TX_user_0536_7,user_0536,29.0,2025-10-12,Active
TX_user_0536_8,user_0536,29.0,2025-11-11,Active
TX_user_0536_9,user_0536,29.0,2025-12-11,Active
TX_user_0537_0,user_0537,299.0,2025-08-05,Active
TX_user_0537_1,user_0537,299.0,2025-09-04,Active
TX_user_0537_2,user_0537,299.0,2025-10-04,Active
TX_user_0537_3,user_0537,299.0,2025-11-03,Active
TX_user_0537_4,user_0537,299.0,2025-12-03,Active
TX_user_0538_0,user_0538,29.0,2025-10-04,Active
TX_user_0538_1,user_0538,29.0,2025-11-03,Active
TX_user_0538_2,user_0538,29.0,2025-12-03,Active
TX_user_0539_0,user_0539,299.0,2025-09-06,Active
TX_user_0539_1,user_0539,299.0,2025-10-06,Active
TX_user_0539_2,user_0539,299.0,2025-11-05,Churned
TX_user_0540_0,user_0540,29.0,2025-06-13,Active
TX_user_0540_1,user_0540,29.0,2025-07-13,Active
TX_user_0540_2,user_0540,29.0,2025-08-12,Active
TX_user_0540_3,user_0540,29.0,2025-09-11,Active
TX_user_0540_4,user_0540,29.0,2025-10-11,Active
TX_user_0540_5,user_0540,29.0,2025-11-10,Active
TX_user_0540_6,user_0540,29.0,2025-12-10,Active
TX_user_0541_0,user_0541,299.0,2025-12-23,Active
TX_user_0542_0,user_0542,79.0,2025-07-11,Active
TX_user_0542_1,user_0542,79.0,2025-08-10,Active
TX_user_0542_2,user_0542,79.0,2025-09-09,Active
TX_user_0542_3,user_0542,79.0,2025-10-09,Active
TX_user_0542_4,user_0542,79.0,2025-11-08,Active
TX_user_0542_5,user_0542,79.0,2025-12-08,Active
TX_user_0543_0,user_0543,79.0,2025-08-15,Active
TX_user_0543_1,user_0543,79.0,2025-09-14,Active
TX_user_0543_2,user_0543,79.0,2025-10-14,Active
TX_user_0543_3,user_0543,79.0,2025-11-13,Active
TX_user_0543_4,user_0543,79.0,2025-12-13,Active
TX_user_0544_0,user_0544,79.0,2025-06-26,Active
TX_user_0544_1,user_0544,79.0,2025-07-26,Active
TX_user_0544_2,user_0544,79.0,2025-08-25,Active
TX_user_0544_3,user_0544,79.0,2025-09-24,Active
TX_user_0544_4,user_0544,79.0,2025-10-24,Active
TX_user_0544_5,user_0544,79.0,2025-11-23,Active
TX_user_0544_6,user_0544,79.0,2025-12-23,Active
TX_user_0545_0,user_0545,79.0,2025-04-09,Active
TX_user_0545_1,user_0545,79.0,2025-05-09,Active
TX_user_0545_2,user_0545,79.0,2025-06-08,Active
TX_user_0545_3,user_0545,79.0,2025-07-08,Active
TX_user_0545_4,user_0545,79.0,2025-08-07,Active
TX_user_0545_5,user_0545,79.0,2025-09-06,Active
TX_user_0545_6,user_0545,79.0,2025-10-06,Active
TX_user_0545_7,user_0545,79.0,2025-11-05,Active
TX_user_0545_8,user_0545,79.0,2025-12-05,Active
TX_user_0546_0,user_0546,79.0,2025-02-05,Active
TX_user_0546_1,user_0546,79.0,2025-03-07,Active
TX_user_0546_2,user_0546,79.0,2025-04-06,Active
TX_user_0546_3,user_0546,79.0,2025-05-06,Active
TX_user_0546_4,user_0546,79.0,2025-06-05,Active
TX_user_0546_5,user_0546,79.0,2025-07-05,Active
TX_user_0546_6,user_0546,79.0,2025-08-04,Active
TX_user_0546_7,user_0546,79.0,2025-09-03,Active
TX_user_0546_8,user_0546,79.0,2025-10-03,Active
TX_user_0546_9,user_0546,79.0,2025-11-02,Active
TX_user_0546_10,user_0546,79.0,2025-12-02,Active
TX_user_0547_0,user_0547,29.0,2025-04-06,Active
TX_user_0547_1,user_0547,29.0,2025-05-06,Active
TX_user_0547_2,user_0547,29.0,2025-06-05,Active
TX_user_0547_3,user_0547,29.0,2025-07-05,Active
TX_user_0547_4,user_0547,29.0,2025-08-04,Active
TX_user_0547_5,user_0547,29.0,2025-09-03,Active
TX_user_0547_6,user_0547,29.0,2025-10-03,Active
TX_user_0547_7,user_0547,29.0,2025-11-02,Active
TX_user_0547_8,user_0547,29.0,2025-12-02,Active
TX_user_0548_0,user_0548,29.0,2025-06-01,Active
TX_user_0548_1,user_0548,29.0,2025-07-01,Active
TX_user_0548_2,user_0548,29.0,2025-07-31,Active
TX_user_0548_3,user_0548,29.0,2025-08-30,Active
TX_user_0548_4,user_0548,29.0,2025-09-29,Active
TX_user_0548_5,user_0548,29.0,2025-10-29,Active
TX_user_0548_6,user_0548,29.0,2025-11-28,Active
TX_user_0548_7,user_0548,29.0,2025-12-28,Active
TX_user_0549_0,user_0549,299.0,2025-05-31,Active
TX_user_0549_1,user_0549,299.0,2025-06-30,Active
TX_user_0549_2,user_0549,299.0,2025-07-30,Active
TX_user_0549_3,user_0549,299.0,2025-08-29,Active
TX_user_0549_4,user_0549,299.0,2025-09-28,Active
TX_user_0549_5,user_0549,299.0,2025-10-28,Active
TX_user_0549_6,user_0549,299.0,2025-11-27,Active
TX_user_0549_7,user_0549,299.0,2025-12-27,Active
TX_user_0550_0,user_0550,79.0,2025-07-09,Active
TX_user_0550_1,user_0550,79.0,2025-08-08,Active
TX_user_0550_2,user_0550,79.0,2025-09-07,Active
TX_user_0550_3,user_0550,79.0,2025-10-07,Active
TX_user_0550_4,user_0550,79.0,2025-11-06,Active
TX_user_0550_5,user_0550,79.0,2025-12-06,Active
TX_user_0551_0,user_0551,79.0,2025-08-12,Active
TX_user_0551_1,user_0551,79.0,2025-09-11,Active
TX_user_0551_2,user_0551,79.0,2025-10-11,Active
TX_user_0551_3,user_0551,79.0,2025-11-10,Active
TX_user_0551_4,user_0551,79.0,2025-12-10,Active
TX_user_0552_0,user_0552,29.0,2025-02-06,Active
TX_user_0552_1,user_0552,29.0,2025-03-08,Active
TX_user_0552_2,user_0552,29.0,2025-04-07,Active
TX_user_0552_3,user_0552,29.0,2025-05-07,Active
TX_user_0552_4,user_0552,29.0,2025-06-06,Active
TX_user_0552_5,user_0552,29.0,2025-07-06,Active
TX_user_0552_6,user_0552,29.0,2025-08-05,Active
TX_user_0552_7,user_0552,29.0,2025-09-04,Active
TX_user_0552_8,user_0552,29.0,2025-10-04,Active
TX_user_0552_9,user_0552,29.0,2025-11-03,Active
TX_user_0552_10,user_0552,29.0,2025-12-03,Active
TX_user_0553_0,user_0553,29.0,2025-09-25,Active
TX_user_0553_1,user_0553,29.0,2025-10-25,Active
TX_user_0553_2,user_0553,29.0,2025-11-24,Active
TX_user_0553_3,user_0553,29.0,2025-12-24,Active
TX_user_0554_0,user_0554,29.0,2025-07-02,Active
TX_user_0554_1,user_0554,29.0,2025-08-01,Active
TX_user_0554_2,user_0554,29.0,2025-08-31,Active
TX_user_0554_3,user_0554,29.0,2025-09-30,Active
TX_user_0554_4,user_0554,29.0,2025-10-30,Active
TX_user_0554_5,user_0554,29.0,2025-11-29,Churned
TX_user_0555_0,user_0555,79.0,2025-01-13,Active
TX_user_0555_1,user_0555,79.0,2025-02-12,Active
TX_user_0555_2,user_0555,79.0,2025-03-14,Active
TX_user_0555_3,user_0555,79.0,2025-04-13,Active
TX_user_0555_4,user_0555,79.0,2025-05-13,Active
TX_user_0555_5,user_0555,79.0,2025-06-12,Active
TX_user_0555_6,user_0555,79.0,2025-07-12,Active
TX_user_0555_7,user_0555,79.0,2025-08-11,Active
TX_user_0555_8,user_0555,79.0,2025-09-10,Active
TX_user_0555_9,user_0555,79.0,2025-10-10,Active
TX_user_0555_10,user_0555,79.0,2025-11-09,Active
TX_user_0555_11,user_0555,79.0,2025-12-09,Active
TX_user_0556_0,user_0556,29.0,2025-10-06,Active
TX_user_0556_1,user_0556,29.0,2025-11-05,Active
TX_user_0556_2,user_0556,29.0,2025-12-05,Active
TX_user_0557_0,user_0557,29.0,2025-08-05,Active
TX_user_0557_1,user_0557,29.0,2025-09-04,Active
TX_user_0557_2,user_0557,29.0,2025-10-04,Active
TX_user_0557_3,user_0557,29.0,2025-11-03,Active
TX_user_0557_4,user_0557,29.0,2025-12-03,Active
TX_user_0558_0,user_0558,29.0,2025-12-21,Active
TX_user_0559_0,user_0559,29.0,2025-12-27,Active
TX_user_0560_0,user_0560,79.0,2025-10-13,Active
TX_user_0560_1,user_0560,79.0,2025-11-12,Active
TX_user_0560_2,user_0560,79.0,2025-12-12,Active
TX_user_0561_0,user_0561,29.0,2025-09-30,Active
TX_user_0561_1,user_0561,29.0,2025-10-30,Active
TX_user_0561_2,user_0561,29.0,2025-11-29,Active
TX_user_0561_3,user_0561,29.0,2025-12-29,Active
TX_user_0562_0,user_0562,79.0,2025-03-03,Active
TX_user_0562_1,user_0562,79.0,2025-04-02,Active
TX_user_0562_2,user_0562,79.0,2025-05-02,Active
TX_user_0562_3,user_0562,79.0,2025-06-01,Active
TX_user_0562_4,user_0562,79.0,2025-07-01,Active
TX_user_0562_5,user_0562,79.0,2025-07-31,Active
TX_user_0562_6,user_0562,79.0,2025-08-30,Active
TX_user_0562_7,user_0562,79.0,2025-09-29,Active
TX_user_0562_8,user_0562,79.0,2025-10-29,Active
TX_user_0562_9,user_0562,79.0,2025-11-28,Active
TX_user_0562_10,user_0562,79.0,2025-12-28,Active
TX_user_0563_0,user_0563,29.0,2025-03-25,Active
TX_user_0563_1,user_0563,29.0,2025-04-24,Active
TX_user_0563_2,user_0563,29.0,2025-05-24,Active
TX_user_0563_3,user_0563,29.0,2025-06-23,Churned
TX_user_0564_0,user_0564,29.0,2025-08-05,Active
TX_user_0564_1,user_0564,29.0,2025-09-04,Active
TX_user_0564_2,user_0564,29.0,2025-10-04,Active
TX_user_0564_3,user_0564,29.0,2025-11-03,Active
TX_user_0564_4,user_0564,29.0,2025-12-03,Active
TX_user_0565_0,user_0565,29.0,2025-12-08,Active
TX_user_0566_0,user_0566,29.0,2025-07-06,Active
TX_user_0566_1,user_0566,29.0,2025-08-05,Active
TX_user_0566_2,user_0566,29.0,2025-09-04,Active
TX_user_0566_3,user_0566,29.0,2025-10-04,Active
TX_user_0566_4,user_0566,29.0,2025-11-03,Active
TX_user_0566_5,user_0566,29.0,2025-12-03,Active
TX_user_0567_0,user_0567,29.0,2025-01-19,Active
TX_user_0567_1,user_0567,29.0,2025-02-18,Active
TX_user_0567_2,user_0567,29.0,2025-03-20,Active
TX_user_0567_3,user_0567,29.0,2025-04-19,Active
TX_user_0567_4,user_0567,29.0,2025-05-19,Active
TX_user_0567_5,user_0567,29.0,2025-06-18,Active
TX_user_0567_6,user_0567,29.0,2025-07-18,Active
TX_user_0567_7,user_0567,29.0,2025-08-17,Active
TX_user_0567_8,user_0567,29.0,2025-09-16,Active
TX_user_0567_9,user_0567,29.0,2025-10-16,Active
TX_user_0567_10,user_0567,29.0,2025-11-15,Active
TX_user_0567_11,user_0567,29.0,2025-12-15,Active
TX_user_0568_0,user_0568,29.0,2025-06-26,Active
TX_user_0568_1,user_0568,29.0,2025-07-26,Active
TX_user_0568_2,user_0568,29.0,2025-08-25,Active
TX_user_0568_3,user_0568,29.0,2025-09-24,Active
TX_user_0568_4,user_0568,29.0,2025-10-24,Active
TX_user_0568_5,user_0568,29.0,2025-11-23,Active
TX_user_0568_6,user_0568,29.0,2025-12-23,Active
TX_user_0569_0,user_0569,79.0,2025-04-10,Active
TX_user_0569_1,user_0569,79.0,2025-05-10,Active
TX_user_0569_2,user_0569,79.0,2025-06-09,Churned
TX_user_0570_0,user_0570,29.0,2025-08-21,Active
TX_user_0570_1,user_0570,29.0,2025-09-20,Active
TX_user_0570_2,user_0570,29.0,2025-10-20,Active
TX_user_0570_3,user_0570,29.0,2025-11-19,Active
TX_user_0570_4,user_0570,29.0,2025-12-19,Active
TX_user_0571_0,user_0571,79.0,2025-03-17,Active
TX_user_0571_1,user_0571,79.0,2025-04-16,Active
TX_user_0571_2,user_0571,79.0,2025-05-16,Active
TX_user_0571_3,user_0571,79.0,2025-06-15,Active
TX_user_0571_4,user_0571,79.0,2025-07-15,Active
TX_user_0571_5,user_0571,79.0,2025-08-14,Active
TX_user_0571_6,user_0571,79.0,2025-09-13,Active
TX_user_0571_7,user_0571,79.0,2025-10-13,Active
TX_user_0571_8,user_0571,79.0,2025-11-12,Active
TX_user_0571_9,user_0571,79.0,2025-12-12,Active
TX_user_0572_0,user_0572,299.0,2025-09-22,Active
TX_user_0572_1,user_0572,299.0,2025-10-22,Active
TX_user_0572_2,user_0572,299.0,2025-11-21,Active
TX_user_0572_3,user_0572,299.0,2025-12-21,Active
TX_user_0573_0,user_0573,79.0,2025-10-11,Active
TX_user_0573_1,user_0573,79.0,2025-11-10,Active
TX_user_0573_2,user_0573,79.0,2025-12-10,Active
TX_user_0574_0,user_0574,29.0,2025-07-25,Active
TX_user_0574_1,user_0574,29.0,2025-08-24,Active
TX_user_0574_2,user_0574,29.0,2025-09-23,Active
TX_user_0574_3,user_0574,29.0,2025-10-23,Active
TX_user_0574_4,user_0574,29.0,2025-11-22,Active
TX_user_0574_5,user_0574,29.0,2025-12-22,Active
TX_user_0575_0,user_0575,29.0,2025-08-11,Active
TX_user_0575_1,user_0575,29.0,2025-09-10,Active
TX_user_0575_2,user_0575,29.0,2025-10-10,Active
TX_user_0575_3,user_0575,29.0,2025-11-09,Active
TX_user_0575_4,user_0575,29.0,2025-12-09,Active
TX_user_0576_0,user_0576,29.0,2025-02-21,Active
TX_user_0576_1,user_0576,29.0,2025-03-23,Active
TX_user_0576_2,user_0576,29.0,2025-04-22,Active
TX_user_0576_3,user_0576,29.0,2025-05-22,Active
TX_user_0576_4,user_0576,29.0,2025-06-21,Active
TX_user_0576_5,user_0576,29.0,2025-07-21,Active
TX_user_0576_6,user_0576,29.0,2025-08-20,Active
TX_user_0576_7,user_0576,29.0,2025-09-19,Active
TX_user_0576_8,user_0576,29.0,2025-10-19,Active
TX_user_0576_9,user_0576,29.0,2025-11-18,Active
TX_user_0576_10,user_0576,29.0,2025-12-18,Active
TX_user_0577_0,user_0577,29.0,2025-12-05,Active
TX_user_0578_0,user_0578,299.0,2025-05-24,Active
TX_user_0578_1,user_0578,299.0,2025-06-23,Active
TX_user_0578_2,user_0578,299.0,2025-07-23,Active
TX_user_0578_3,user_0578,299.0,2025-08-22,Active
TX_user_0578_4,user_0578,299.0,2025-09-21,Active
TX_user_0578_5,user_0578,299.0,2025-10-21,Active
TX_user_0578_6,user_0578,299.0,2025-11-20,Active
TX_user_0578_7,user_0578,299.0,2025-12-20,Active
TX_user_0579_0,user_0579,29.0,2025-03-10,Active
TX_user_0579_1,user_0579,29.0,2025-04-09,Active
TX_user_0579_2,user_0579,29.0,2025-05-09,Active
TX_user_0579_3,user_0579,29.0,2025-06-08,Active
TX_user_0579_4,user_0579,29.0,2025-07-08,Active
TX_user_0579_5,user_0579,29.0,2025-08-07,Active
TX_user_0579_6,user_0579,29.0,2025-09-06,Active
TX_user_0579_7,user_0579,29.0,2025-10-06,Active
TX_user_0579_8,user_0579,29.0,2025-11-05,Active
TX_user_0579_9,user_0579,29.0,2025-12-05,Active
TX_user_0580_0,user_0580,29.0,2025-04-09,Churned
TX_user_0581_0,user_0581,79.0,2025-01-25,Active
TX_user_0581_1,user_0581,79.0,2025-02-24,Active
TX_user_0581_2,user_0581,79.0,2025-03-26,Active
TX_user_0581_3,user_0581,79.0,2025-04-25,Active
TX_user_0581_4,user_0581,79.0,2025-05-25,Active
TX_user_0581_5,user_0581,79.0,2025-06-24,Active
TX_user_0581_6,user_0581,79.0,2025-07-24,Active
TX_user_0581_7,user_0581,79.0,2025-08-23,Active
TX_user_0581_8,user_0581,79.0,2025-09-22,Active
TX_user_0581_9,user_0581,79.0,2025-10-22,Active
TX_user_0581_10,user_0581,79.0,2025-11-21,Active
TX_user_0581_11,user_0581,79.0,2025-12-21,Active
TX_user_0582_0,user_0582,79.0,2025-02-22,Active
TX_user_0582_1,user_0582,79.0,2025-03-24,Active
TX_user_0582_2,user_0582,79.0,2025-04-23,Active
TX_user_0582_3,user_0582,79.0,2025-05-23,Active
TX_user_0582_4,user_0582,79.0,2025-06-22,Active
TX_user_0582_5,user_0582,79.0,2025-07-22,Active
TX_user_0582_6,user_0582,79.0,2025-08-21,Active
TX_user_0582_7,user_0582,79.0,2025-09-20,Active
TX_user_0582_8,user_0582,79.0,2025-10-20,Active
TX_user_0582_9,user_0582,79.0,2025-11-19,Active
TX_user_0582_10,user_0582,79.0,2025-12-19,Active
TX_user_0583_0,user_0583,79.0,2025-05-31,Active
TX_user_0583_1,user_0583,79.0,2025-06-30,Active
TX_user_0583_2,user_0583,79.0,2025-07-30,Active
TX_user_0583_3,user_0583,79.0,2025-08-29,Active
TX_user_0583_4,user_0583,79.0,2025-09-28,Active
TX_user_0583_5,user_0583,79.0,2025-10-28,Active
TX_user_0583_6,user_0583,79.0,2025-11-27,Active
TX_user_0583_7,user_0583,79.0,2025-12-27,Active
TX_user_0584_0,user_0584,29.0,2025-05-24,Active
TX_user_0584_1,user_0584,29.0,2025-06-23,Active
TX_user_0584_2,user_0584,29.0,2025-07-23,Active
TX_user_0584_3,user_0584,29.0,2025-08-22,Active
TX_user_0584_4,user_0584,29.0,2025-09-21,Active
TX_user_0584_5,user_0584,29.0,2025-10-21,Active
TX_user_0584_6,user_0584,29.0,2025-11-20,Active
TX_user_0584_7,user_0584,29.0,2025-12-20,Active
TX_user_0585_0,user_0585,29.0,2025-02-26,Active
TX_user_0585_1,user_0585,29.0,2025-03-28,Active
TX_user_0585_2,user_0585,29.0,2025-04-27,Active
TX_user_0585_3,user_0585,29.0,2025-05-27,Active
TX_user_0585_4,user_0585,29.0,2025-06-26,Active
TX_user_0585_5,user_0585,29.0,2025-07-26,Active
TX_user_0585_6,user_0585,29.0,2025-08-25,Active
TX_user_0585_7,user_0585,29.0,2025-09-24,Active
TX_user_0585_8,user_0585,29.0,2025-10-24,Active
TX_user_0585_9,user_0585,29.0,2025-11-23,Active
TX_user_0585_10,user_0585,29.0,2025-12-23,Active
TX_user_0586_0,user_0586,79.0,2025-02-08,Active
TX_user_0586_1,user_0586,79.0,2025-03-10,Active
TX_user_0586_2,user_0586,79.0,2025-04-09,Active
TX_user_0586_3,user_0586,79.0,2025-05-09,Active
TX_user_0586_4,user_0586,79.0,2025-06-08,Active
TX_user_0586_5,user_0586,79.0,2025-07-08,Active
TX_user_0586_6,user_0586,79.0,2025-08-07,Active
TX_user_0586_7,user_0586,79.0,2025-09-06,Active
TX_user_0586_8,user_0586,79.0,2025-10-06,Active
TX_user_0586_9,user_0586,79.0,2025-11-05,Active
TX_user_0586_10,user_0586,79.0,2025-12-05,Active
TX_user_0587_0,user_0587,29.0,2025-04-19,Active
TX_user_0587_1,user_0587,29.0,2025-05-19,Active
TX_user_0587_2,user_0587,29.0,2025-06-18,Active
TX_user_0587_3,user_0587,29.0,2025-07-18,Active
TX_user_0587_4,user_0587,29.0,2025-08-17,Active
TX_user_0587_5,user_0587,29.0,2025-09-16,Active
TX_user_0587_6,user_0587,29.0,2025-10-16,Active
TX_user_0587_7,user_0587,29.0,2025-11-15,Active
TX_user_0587_8,user_0587,29.0,2025-12-15,Active
TX_user_0588_0,user_0588,29.0,2025-06-30,Active
TX_user_0588_1,user_0588,29.0,2025-07-30,Active
TX_user_0588_2,user_0588,29.0,2025-08-29,Active
TX_user_0588_3,user_0588,29.0,2025-09-28,Active
TX_user_0588_4,user_0588,29.0,2025-10-28,Active
TX_user_0588_5,user_0588,29.0,2025-11-27,Active
TX_user_0588_6,user_0588,29.0,2025-12-27,Active
TX_user_0589_0,user_0589,29.0,2025-02-11,Churned
TX_user_0590_0,user_0590,29.0,2025-07-05,Active
TX_user_0590_1,user_0590,29.0,2025-08-04,Active
TX_user_0590_2,user_0590,29.0,2025-09-03,Active
TX_user_0590_3,user_0590,29.0,2025-10-03,Active
TX_user_0590_4,user_0590,29.0,2025-11-02,Active
TX_user_0590_5,user_0590,29.0,2025-12-02,Active
TX_user_0591_0,user_0591,29.0,2025-08-11,Active
TX_user_0591_1,user_0591,29.0,2025-09-10,Active
TX_user_0591_2,user_0591,29.0,2025-10-10,Active
TX_user_0591_3,user_0591,29.0,2025-11-09,Active
TX_user_0591_4,user_0591,29.0,2025-12-09,Active
TX_user_0592_0,user_0592,29.0,2025-05-02,Active
TX_user_0592_1,user_0592,29.0,2025-06-01,Active
TX_user_0592_2,user_0592,29.0,2025-07-01,Active
TX_user_0592_3,user_0592,29.0,2025-07-31,Active
TX_user_0592_4,user_0592,29.0,2025-08-30,Active
TX_user_0592_5,user_0592,29.0,2025-09-29,Active
TX_user_0592_6,user_0592,29.0,2025-10-29,Active
TX_user_0592_7,user_0592,29.0,2025-11-28,Active
TX_user_0592_8,user_0592,29.0,2025-12-28,Active
TX_user_0593_0,user_0593,79.0,2025-05-13,Active
TX_user_0593_1,user_0593,79.0,2025-06-12,Active
TX_user_0593_2,user_0593,79.0,2025-07-12,Active
TX_user_0593_3,user_0593,79.0,2025-08-11,Active
TX_user_0593_4,user_0593,79.0,2025-09-10,Active
TX_user_0593_5,user_0593,79.0,2025-10-10,Churned
TX_user_0594_0,user_0594,79.0,2025-06-12,Active
TX_user_0594_1,user_0594,79.0,2025-07-12,Active
TX_user_0594_2,user_0594,79.0,2025-08-11,Active
TX_user_0594_3,user_0594,79.0,2025-09-10,Active
TX_user_0594_4,user_0594,79.0,2025-10-10,Active
TX_user_0594_5,user_0594,79.0,2025-11-09,Active
TX_user_0594_6,user_0594,79.0,2025-12-09,Active
TX_user_0595_0,user_0595,79.0,2025-08-03,Active
TX_user_0595_1,user_0595,79.0,2025-09-02,Active
TX_user_0595_2,user_0595,79.0,2025-10-02,Active
TX_user_0595_3,user_0595,79.0,2025-11-01,Active
TX_user_0595_4,user_0595,79.0,2025-12-01,Active
TX_user_0595_5,user_0595,79.0,2025-12-31,Active
TX_user_0596_0,user_0596,29.0,2025-08-09,Active
TX_user_0596_1,user_0596,29.0,2025-09-08,Active
TX_user_0596_2,user_0596,29.0,2025-10-08,Active
TX_user_0596_3,user_0596,29.0,2025-11-07,Active
TX_user_0596_4,user_0596,29.0,2025-12-07,Active
TX_user_0597_0,user_0597,29.0,2025-08-23,Active
TX_user_0597_1,user_0597,29.0,2025-09-22,Active
TX_user_0597_2,user_0597,29.0,2025-10-22,Active
TX_user_0597_3,user_0597,29.0,2025-11-21,Active
TX_user_0597_4,user_0597,29.0,2025-12-21,Active
TX_user_0598_0,user_0598,29.0,2025-11-27,Active
TX_user_0598_1,user_0598,29.0,2025-12-27,Active
TX_user_0599_0,user_0599,79.0,2025-05-26,Active
TX_user_0599_1,user_0599,79.0,2025-06-25,Active
TX_user_0599_2,user_0599,79.0,2025-07-25,Active
TX_user_0599_3,user_0599,79.0,2025-08-24,Churned
TX_user_0600_0,user_0600,79.0,2025-08-27,Active
TX_user_0600_1,user_0600,79.0,2025-09-26,Active
TX_user_0600_2,user_0600,79.0,2025-10-26,Churned
TX_user_0601_0,user_0601,29.0,2025-03-17,Active
TX_user_0601_1,user_0601,29.0,2025-04-16,Active
TX_user_0601_2,user_0601,29.0,2025-05-16,Active
TX_user_0601_3,user_0601,29.0,2025-06-15,Active
TX_user_0601_4,user_0601,29.0,2025-07-15,Active
TX_user_0601_5,user_0601,29.0,2025-08-14,Active
TX_user_0601_6,user_0601,29.0,2025-09-13,Active
TX_user_0601_7,user_0601,29.0,2025-10-13,Active
TX_user_0601_8,user_0601,29.0,2025-11-12,Active
TX_user_0601_9,user_0601,29.0,2025-12-12,Active
TX_user_0602_0,user_0602,299.0,2025-01-09,Active
TX_user_0602_1,user_0602,299.0,2025-02-08,Active
TX_user_0602_2,user_0602,299.0,2025-03-10,Active
TX_user_0602_3,user_0602,299.0,2025-04-09,Active
TX_user_0602_4,user_0602,299.0,2025-05-09,Active
TX_user_0602_5,user_0602,299.0,2025-06-08,Active
TX_user_0602_6,user_0602,299.0,2025-07-08,Active
TX_user_0602_7,user_0602,299.0,2025-08-07,Active
TX_user_0602_8,user_0602,299.0,2025-09-06,Churned
TX_user_0603_0,user_0603,29.0,2025-03-15,Active
TX_user_0603_1,user_0603,29.0,2025-04-14,Active
TX_user_0603_2,user_0603,29.0,2025-05-14,Active
TX_user_0603_3,user_0603,29.0,2025-06-13,Active
TX_user_0603_4,user_0603,29.0,2025-07-13,Active
TX_user_0603_5,user_0603,29.0,2025-08-12,Active
TX_user_0603_6,user_0603,29.0,2025-09-11,Active
TX_user_0603_7,user_0603,29.0,2025-10-11,Active
TX_user_0603_8,user_0603,29.0,2025-11-10,Active
TX_user_0603_9,user_0603,29.0,2025-12-10,Active
TX_user_0604_0,user_0604,79.0,2025-09-10,Active
TX_user_0604_1,user_0604,79.0,2025-10-10,Active
TX_user_0604_2,user_0604,79.0,2025-11-09,Active
TX_user_0604_3,user_0604,79.0,2025-12-09,Active
TX_user_0605_0,user_0605,79.0,2025-08-18,Active
TX_user_0605_1,user_0605,79.0,2025-09-17,Active
TX_user_0605_2,user_0605,79.0,2025-10-17,Active
TX_user_0605_3,user_0605,79.0,2025-11-16,Active
TX_user_0605_4,user_0605,79.0,2025-12-16,Active
TX_user_0606_0,user_0606,299.0,2025-01-07,Active
TX_user_0606_1,user_0606,299.0,2025-02-06,Active
TX_user_0606_2,user_0606,299.0,2025-03-08,Active
TX_user_0606_3,user_0606,299.0,2025-04-07,Active
TX_user_0606_4,user_0606,299.0,2025-05-07,Active
TX_user_0606_5,user_0606,299.0,2025-06-06,Active
TX_user_0606_6,user_0606,299.0,2025-07-06,Active
TX_user_0606_7,user_0606,299.0,2025-08-05,Active
TX_user_0606_8,user_0606,299.0,2025-09-04,Active
TX_user_0606_9,user_0606,299.0,2025-10-04,Churned
TX_user_0607_0,user_0607,79.0,2025-06-23,Active
TX_user_0607_1,user_0607,79.0,2025-07-23,Active
TX_user_0607_2,user_0607,79.0,2025-08-22,Active
TX_user_0607_3,user_0607,79.0,2025-09-21,Active
TX_user_0607_4,user_0607,79.0,2025-10-21,Active
TX_user_0607_5,user_0607,79.0,2025-11-20,Active
TX_user_0607_6,user_0607,79.0,2025-12-20,Active
TX_user_0608_0,user_0608,79.0,2025-05-21,Active
TX_user_0608_1,user_0608,79.0,2025-06-20,Churned
TX_user_0609_0,user_0609,29.0,2025-06-17,Active
TX_user_0609_1,user_0609,29.0,2025-07-17,Active
TX_user_0609_2,user_0609,29.0,2025-08-16,Active
TX_user_0609_3,user_0609,29.0,2025-09-15,Active
TX_user_0609_4,user_0609,29.0,2025-10-15,Active
TX_user_0609_5,user_0609,29.0,2025-11-14,Active
TX_user_0609_6,user_0609,29.0,2025-12-14,Active
TX_user_0610_0,user_0610,79.0,2025-06-19,Churned
TX_user_0611_0,user_0611,29.0,2025-10-10,Active
TX_user_0611_1,user_0611,29.0,2025-11-09,Active
TX_user_0611_2,user_0611,29.0,2025-12-09,Active
TX_user_0612_0,user_0612,299.0,2025-05-02,Active
TX_user_0612_1,user_0612,299.0,2025-06-01,Active
TX_user_0612_2,user_0612,299.0,2025-07-01,Active
TX_user_0612_3,user_0612,299.0,2025-07-31,Active
TX_user_0612_4,user_0612,299.0,2025-08-30,Active
TX_user_0612_5,user_0612,299.0,2025-09-29,Active
TX_user_0612_6,user_0612,299.0,2025-10-29,Active
TX_user_0612_7,user_0612,299.0,2025-11-28,Active
TX_user_0612_8,user_0612,299.0,2025-12-28,Active
TX_user_0613_0,user_0613,79.0,2025-07-13,Active
TX_user_0613_1,user_0613,79.0,2025-08-12,Active
TX_user_0613_2,user_0613,79.0,2025-09-11,Active
TX_user_0613_3,user_0613,79.0,2025-10-11,Active
TX_user_0613_4,user_0613,79.0,2025-11-10,Active
TX_user_0613_5,user_0613,79.0,2025-12-10,Active
TX_user_0614_0,user_0614,79.0,2025-01-05,Active
TX_user_0614_1,user_0614,79.0,2025-02-04,Active
TX_user_0614_2,user_0614,79.0,2025-03-06,Active
TX_user_0614_3,user_0614,79.0,2025-04-05,Active
TX_user_0614_4,user_0614,79.0,2025-05-05,Active
TX_user_0614_5,user_0614,79.0,2025-06-04,Active
TX_user_0614_6,user_0614,79.0,2025-07-04,Active
TX_user_0614_7,user_0614,79.0,2025-08-03,Active
TX_user_0614_8,user_0614,79.0,2025-09-02,Active
TX_user_0614_9,user_0614,79.0,2025-10-02,Active
TX_user_0614_10,user_0614,79.0,2025-11-01,Active
TX_user_0614_11,user_0614,79.0,2025-12-01,Active
TX_user_0615_0,user_0615,29.0,2025-01-29,Active
TX_user_0615_1,user_0615,29.0,2025-02-28,Active
TX_user_0615_2,user_0615,29.0,2025-03-30,Active
TX_user_0615_3,user_0615,29.0,2025-04-29,Active
TX_user_0615_4,user_0615,29.0,2025-05-29,Active
TX_user_0615_5,user_0615,29.0,2025-06-28,Active
TX_user_0615_6,user_0615,29.0,2025-07-28,Active
TX_user_0615_7,user_0615,29.0,2025-08-27,Active
TX_user_0615_8,user_0615,29.0,2025-09-26,Active
TX_user_0615_9,user_0615,29.0,2025-10-26,Churned
TX_user_0616_0,user_0616,79.0,2025-06-14,Active
TX_user_0616_1,user_0616,79.0,2025-07-14,Active
TX_user_0616_2,user_0616,79.0,2025-08-13,Active
TX_user_0616_3,user_0616,79.0,2025-09-12,Active
TX_user_0616_4,user_0616,79.0,2025-10-12,Active
TX_user_0616_5,user_0616,79.0,2025-11-11,Active
TX_user_0616_6,user_0616,79.0,2025-12-11,Active
TX_user_0617_0,user_0617,79.0,2025-12-05,Active
TX_user_0618_0,user_0618,79.0,2025-05-16,Active
TX_user_0618_1,user_0618,79.0,2025-06-15,Active
TX_user_0618_2,user_0618,79.0,2025-07-15,Active
TX_user_0618_3,user_0618,79.0,2025-08-14,Active
TX_user_0618_4,user_0618,79.0,2025-09-13,Active
TX_user_0618_5,user_0618,79.0,2025-10-13,Active
TX_user_0618_6,user_0618,79.0,2025-11-12,Active
TX_user_0618_7,user_0618,79.0,2025-12-12,Active
TX_user_0619_0,user_0619,29.0,2025-12-31,Active
TX_user_0620_0,user_0620,29.0,2025-11-17,Active
TX_user_0620_1,user_0620,29.0,2025-12-17,Active
TX_user_0621_0,user_0621,29.0,2025-12-08,Active
TX_user_0622_0,user_0622,29.0,2025-05-25,Active
TX_user_0622_1,user_0622,29.0,2025-06-24,Active
TX_user_0622_2,user_0622,29.0,2025-07-24,Active
TX_user_0622_3,user_0622,29.0,2025-08-23,Active
TX_user_0622_4,user_0622,29.0,2025-09-22,Active
TX_user_0622_5,user_0622,29.0,2025-10-22,Active
TX_user_0622_6,user_0622,29.0,2025-11-21,Active
TX_user_0622_7,user_0622,29.0,2025-12-21,Active
TX_user_0623_0,user_0623,299.0,2025-11-23,Active
TX_user_0623_1,user_0623,299.0,2025-12-23,Active
TX_user_0624_0,user_0624,29.0,2025-08-05,Active
TX_user_0624_1,user_0624,29.0,2025-09-04,Active
TX_user_0624_2,user_0624,29.0,2025-10-04,Active
TX_user_0624_3,user_0624,29.0,2025-11-03,Active
TX_user_0624_4,user_0624,29.0,2025-12-03,Active
TX_user_0625_0,user_0625,299.0,2025-10-28,Active
TX_user_0625_1,user_0625,299.0,2025-11-27,Active
TX_user_0625_2,user_0625,299.0,2025-12-27,Active
TX_user_0626_0,user_0626,29.0,2025-05-12,Active
TX_user_0626_1,user_0626,29.0,2025-06-11,Active
TX_user_0626_2,user_0626,29.0,2025-07-11,Active
TX_user_0626_3,user_0626,29.0,2025-08-10,Active
TX_user_0626_4,user_0626,29.0,2025-09-09,Active
TX_user_0626_5,user_0626,29.0,2025-10-09,Active
TX_user_0626_6,user_0626,29.0,2025-11-08,Active
TX_user_0626_7,user_0626,29.0,2025-12-08,Active
TX_user_0627_0,user_0627,29.0,2025-10-19,Active
TX_user_0627_1,user_0627,29.0,2025-11-18,Active
TX_user_0627_2,user_0627,29.0,2025-12-18,Active
TX_user_0628_0,user_0628,79.0,2025-03-11,Active
TX_user_0628_1,user_0628,79.0,2025-04-10,Active
TX_user_0628_2,user_0628,79.0,2025-05-10,Active
TX_user_0628_3,user_0628,79.0,2025-06-09,Active
TX_user_0628_4,user_0628,79.0,2025-07-09,Active
TX_user_0628_5,user_0628,79.0,2025-08-08,Active
TX_user_0628_6,user_0628,79.0,2025-09-07,Active
TX_user_0628_7,user_0628,79.0,2025-10-07,Active
TX_user_0628_8,user_0628,79.0,2025-11-06,Active
TX_user_0628_9,user_0628,79.0,2025-12-06,Active
TX_user_0629_0,user_0629,79.0,2025-09-09,Active
TX_user_0629_1,user_0629,79.0,2025-10-09,Active
TX_user_0629_2,user_0629,79.0,2025-11-08,Active
TX_user_0629_3,user_0629,79.0,2025-12-08,Active
TX_user_0630_0,user_0630,29.0,2025-10-02,Active
TX_user_0630_1,user_0630,29.0,2025-11-01,Active
TX_user_0630_2,user_0630,29.0,2025-12-01,Active
TX_user_0630_3,user_0630,29.0,2025-12-31,Active
TX_user_0631_0,user_0631,79.0,2025-12-30,Active
TX_user_0632_0,user_0632,79.0,2025-07-01,Active
TX_user_0632_1,user_0632,79.0,2025-07-31,Active
TX_user_0632_2,user_0632,79.0,2025-08-30,Active
TX_user_0632_3,user_0632,79.0,2025-09-29,Active
TX_user_0632_4,user_0632,79.0,2025-10-29,Active
TX_user_0632_5,user_0632,79.0,2025-11-28,Active
TX_user_0632_6,user_0632,79.0,2025-12-28,Active
TX_user_0633_0,user_0633,29.0,2025-06-16,Active
TX_user_0633_1,user_0633,29.0,2025-07-16,Active
TX_user_0633_2,user_0633,29.0,2025-08-15,Active
TX_user_0633_3,user_0633,29.0,2025-09-14,Active
TX_user_0633_4,user_0633,29.0,2025-10-14,Active
TX_user_0633_5,user_0633,29.0,2025-11-13,Active
TX_user_0633_6,user_0633,29.0,2025-12-13,Active
TX_user_0634_0,user_0634,299.0,2025-04-01,Active
TX_user_0634_1,user_0634,299.0,2025-05-01,Active
TX_user_0634_2,user_0634,299.0,2025-05-31,Active
TX_user_0634_3,user_0634,299.0,2025-06-30,Active
TX_user_0634_4,user_0634,299.0,2025-07-30,Active
TX_user_0634_5,user_0634,299.0,2025-08-29,Active
TX_user_0634_6,user_0634,299.0,2025-09-28,Active
TX_user_0634_7,user_0634,299.0,2025-10-28,Active
TX_user_0634_8,user_0634,299.0,2025-11-27,Churned
TX_user_0635_0,user_0635,299.0,2025-07-21,Active
TX_user_0635_1,user_0635,299.0,2025-08-20,Active
TX_user_0635_2,user_0635,299.0,2025-09-19,Active
TX_user_0635_3,user_0635,299.0,2025-10-19,Active
TX_user_0635_4,user_0635,299.0,2025-11-18,Active
TX_user_0635_5,user_0635,299.0,2025-12-18,Active
TX_user_0636_0,user_0636,79.0,2025-12-12,Active
TX_user_0637_0,user_0637,29.0,2025-01-19,Active
TX_user_0637_1,user_0637,29.0,2025-02-18,Active
TX_user_0637_2,user_0637,29.0,2025-03-20,Active
TX_user_0637_3,user_0637,29.0,2025-04-19,Active
TX_user_0637_4,user_0637,29.0,2025-05-19,Active
TX_user_0637_5,user_0637,29.0,2025-06-18,Active
TX_user_0637_6,user_0637,29.0,2025-07-18,Active
TX_user_0637_7,user_0637,29.0,2025-08-17,Active
TX_user_0637_8,user_0637,29.0,2025-09-16,Active
TX_user_0637_9,user_0637,29.0,2025-10-16,Active
TX_user_0637_10,user_0637,29.0,2025-11-15,Active
TX_user_0637_11,user_0637,29.0,2025-12-15,Active
TX_user_0638_0,user_0638,79.0,2025-02-08,Active
TX_user_0638_1,user_0638,79.0,2025-03-10,Active
TX_user_0638_2,user_0638,79.0,2025-04-09,Active
TX_user_0638_3,user_0638,79.0,2025-05-09,Active
TX_user_0638_4,user_0638,79.0,2025-06-08,Active
TX_user_0638_5,user_0638,79.0,2025-07-08,Churned
TX_user_0639_0,user_0639,29.0,2025-05-06,Active
TX_user_0639_1,user_0639,29.0,2025-06-05,Active
TX_user_0639_2,user_0639,29.0,2025-07-05,Active
TX_user_0639_3,user_0639,29.0,2025-08-04,Active
TX_user_0639_4,user_0639,29.0,2025-09-03,Active
TX_user_0639_5,user_0639,29.0,2025-10-03,Active
TX_user_0639_6,user_0639,29.0,2025-11-02,Active
TX_user_0639_7,user_0639,29.0,2025-12-02,Active
TX_user_0640_0,user_0640,29.0,2025-06-22,Active
TX_user_0640_1,user_0640,29.0,2025-07-22,Active
TX_user_0640_2,user_0640,29.0,2025-08-21,Active
TX_user_0640_3,user_0640,29.0,2025-09-20,Churned
TX_user_0641_0,user_0641,29.0,2025-05-21,Active
TX_user_0641_1,user_0641,29.0,2025-06-20,Active
TX_user_0641_2,user_0641,29.0,2025-07-20,Active
TX_user_0641_3,user_0641,29.0,2025-08-19,Active
TX_user_0641_4,user_0641,29.0,2025-09-18,Active
TX_user_0641_5,user_0641,29.0,2025-10-18,Active
TX_user_0641_6,user_0641,29.0,2025-11-17,Active
TX_user_0641_7,user_0641,29.0,2025-12-17,Active
TX_user_0642_0,user_0642,29.0,2025-08-30,Active
TX_user_0642_1,user_0642,29.0,2025-09-29,Active
TX_user_0642_2,user_0642,29.0,2025-10-29,Active
TX_user_0642_3,user_0642,29.0,2025-11-28,Active
TX_user_0642_4,user_0642,29.0,2025-12-28,Active
TX_user_0643_0,user_0643,299.0,2025-08-08,Active
TX_user_0643_1,user_0643,299.0,2025-09-07,Active
TX_user_0643_2,user_0643,299.0,2025-10-07,Active
TX_user_0643_3,user_0643,299.0,2025-11-06,Active
TX_user_0643_4,user_0643,299.0,2025-12-06,Active
TX_user_0644_0,user_0644,79.0,2025-05-06,Active
TX_user_0644_1,user_0644,79.0,2025-06-05,Active
TX_user_0644_2,user_0644,79.0,2025-07-05,Active
TX_user_0644_3,user_0644,79.0,2025-08-04,Active
TX_user_0644_4,user_0644,79.0,2025-09-03,Active
TX_user_0644_5,user_0644,79.0,2025-10-03,Active
TX_user_0644_6,user_0644,79.0,2025-11-02,Active
TX_user_0644_7,user_0644,79.0,2025-12-02,Active
TX_user_0645_0,user_0645,79.0,2025-02-27,Active
TX_user_0645_1,user_0645,79.0,2025-03-29,Active
TX_user_0645_2,user_0645,79.0,2025-04-28,Active
TX_user_0645_3,user_0645,79.0,2025-05-28,Active
TX_user_0645_4,user_0645,79.0,2025-06-27,Active
TX_user_0645_5,user_0645,79.0,2025-07-27,Active
TX_user_0645_6,user_0645,79.0,2025-08-26,Active
TX_user_0645_7,user_0645,79.0,2025-09-25,Active
TX_user_0645_8,user_0645,79.0,2025-10-25,Active
TX_user_0645_9,user_0645,79.0,2025-11-24,Active
TX_user_0645_10,user_0645,79.0,2025-12-24,Active
TX_user_0646_0,user_0646,29.0,2025-05-28,Active
TX_user_0646_1,user_0646,29.0,2025-06-27,Active
TX_user_0646_2,user_0646,29.0,2025-07-27,Active
TX_user_0646_3,user_0646,29.0,2025-08-26,Active
TX_user_0646_4,user_0646,29.0,2025-09-25,Active
TX_user_0646_5,user_0646,29.0,2025-10-25,Active
TX_user_0646_6,user_0646,29.0,2025-11-24,Active
TX_user_0646_7,user_0646,29.0,2025-12-24,Active
TX_user_0647_0,user_0647,29.0,2025-11-13,Active
TX_user_0647_1,user_0647,29.0,2025-12-13,Active
TX_user_0648_0,user_0648,29.0,2025-12-27,Active
TX_user_0649_0,user_0649,299.0,2025-01-01,Active
TX_user_0649_1,user_0649,299.0,2025-01-31,Active
TX_user_0649_2,user_0649,299.0,2025-03-02,Active
TX_user_0649_3,user_0649,299.0,2025-04-01,Active
TX_user_0649_4,user_0649,299.0,2025-05-01,Active
TX_user_0649_5,user_0649,299.0,2025-05-31,Active
TX_user_0649_6,user_0649,299.0,2025-06-30,Active
TX_user_0649_7,user_0649,299.0,2025-07-30,Active
TX_user_0649_8,user_0649,299.0,2025-08-29,Active
TX_user_0649_9,user_0649,299.0,2025-09-28,Active
TX_user_0649_10,user_0649,299.0,2025-10-28,Active
TX_user_0649_11,user_0649,299.0,2025-11-27,Active
TX_user_0650_0,user_0650,29.0,2025-12-14,Active
TX_user_0651_0,user_0651,299.0,2025-07-09,Active
TX_user_0651_1,user_0651,299.0,2025-08-08,Active
TX_user_0651_2,user_0651,299.0,2025-09-07,Active
TX_user_0651_3,user_0651,299.0,2025-10-07,Active
TX_user_0651_4,user_0651,299.0,2025-11-06,Active
TX_user_0651_5,user_0651,299.0,2025-12-06,Active
TX_user_0652_0,user_0652,79.0,2025-07-10,Active
TX_user_0652_1,user_0652,79.0,2025-08-09,Active
TX_user_0652_2,user_0652,79.0,2025-09-08,Active
TX_user_0652_3,user_0652,79.0,2025-10-08,Active
TX_user_0652_4,user_0652,79.0,2025-11-07,Active
TX_user_0652_5,user_0652,79.0,2025-12-07,Active
TX_user_0653_0,user_0653,29.0,2025-11-08,Active
TX_user_0653_1,user_0653,29.0,2025-12-08,Active
TX_user_0654_0,user_0654,79.0,2025-04-27,Active
TX_user_0654_1,user_0654,79.0,2025-05-27,Active
TX_user_0654_2,user_0654,79.0,2025-06-26,Active
TX_user_0654_3,user_0654,79.0,2025-07-26,Active
TX_user_0654_4,user_0654,79.0,2025-08-25,Active
TX_user_0654_5,user_0654,79.0,2025-09-24,Active
TX_user_0654_6,user_0654,79.0,2025-10-24,Active
TX_user_0654_7,user_0654,79.0,2025-11-23,Active
TX_user_0654_8,user_0654,79.0,2025-12-23,Active
TX_user_0655_0,user_0655,29.0,2025-05-14,Active
TX_user_0655_1,user_0655,29.0,2025-06-13,Active
TX_user_0655_2,user_0655,29.0,2025-07-13,Active
TX_user_0655_3,user_0655,29.0,2025-08-12,Active
TX_user_0655_4,user_0655,29.0,2025-09-11,Active
TX_user_0655_5,user_0655,29.0,2025-10-11,Active
TX_user_0655_6,user_0655,29.0,2025-11-10,Active
TX_user_0655_7,user_0655,29.0,2025-12-10,Active
TX_user_0656_0,user_0656,299.0,2025-02-27,Active
TX_user_0656_1,user_0656,299.0,2025-03-29,Active
TX_user_0656_2,user_0656,299.0,2025-04-28,Active
TX_user_0656_3,user_0656,299.0,2025-05-28,Active
TX_user_0656_4,user_0656,299.0,2025-06-27,Active
TX_user_0656_5,user_0656,299.0,2025-07-27,Active
TX_user_0656_6,user_0656,299.0,2025-08-26,Active
TX_user_0656_7,user_0656,299.0,2025-09-25,Active
TX_user_0656_8,user_0656,299.0,2025-10-25,Active
TX_user_0656_9,user_0656,299.0,2025-11-24,Active
TX_user_0656_10,user_0656,299.0,2025-12-24,Active
TX_user_0657_0,user_0657,299.0,2025-02-13,Active
TX_user_0657_1,user_0657,299.0,2025-03-15,Active
TX_user_0657_2,user_0657,299.0,2025-04-14,Active
TX_user_0657_3,user_0657,299.0,2025-05-14,Churned
TX_user_0658_0,user_0658,29.0,2025-06-22,Active
TX_user_0658_1,user_0658,29.0,2025-07-22,Active
TX_user_0658_2,user_0658,29.0,2025-08-21,Active
TX_user_0658_3,user_0658,29.0,2025-09-20,Active
TX_user_0658_4,user_0658,29.0,2025-10-20,Active
TX_user_0658_5,user_0658,29.0,2025-11-19,Active
TX_user_0658_6,user_0658,29.0,2025-12-19,Active
TX_user_0659_0,user_0659,29.0,2025-06-09,Active
TX_user_0659_1,user_0659,29.0,2025-07-09,Active
TX_user_0659_2,user_0659,29.0,2025-08-08,Active
TX_user_0659_3,user_0659,29.0,2025-09-07,Active
TX_user_0659_4,user_0659,29.0,2025-10-07,Active
TX_user_0659_5,user_0659,29.0,2025-11-06,Active
TX_user_0659_6,user_0659,29.0,2025-12-06,Active
TX_user_0660_0,user_0660,79.0,2025-06-22,Active
TX_user_0660_1,user_0660,79.0,2025-07-22,Active
TX_user_0660_2,user_0660,79.0,2025-08-21,Active
TX_user_0660_3,user_0660,79.0,2025-09-20,Active
TX_user_0660_4,user_0660,79.0,2025-10-20,Active
TX_user_0660_5,user_0660,79.0,2025-11-19,Active
TX_user_0660_6,user_0660,79.0,2025-12-19,Active
TX_user_0661_0,user_0661,299.0,2025-11-13,Active
TX_user_0661_1,user_0661,299.0,2025-12-13,Active
TX_user_0662_0,user_0662,29.0,2025-10-30,Active
TX_user_0662_1,user_0662,29.0,2025-11-29,Active
TX_user_0662_2,user_0662,29.0,2025-12-29,Active
TX_user_0663_0,user_0663,79.0,2025-05-29,Active
TX_user_0663_1,user_0663,79.0,2025-06-28,Active
TX_user_0663_2,user_0663,79.0,2025-07-28,Active
TX_user_0663_3,user_0663,79.0,2025-08-27,Active
TX_user_0663_4,user_0663,79.0,2025-09-26,Active
TX_user_0663_5,user_0663,79.0,2025-10-26,Active
TX_user_0663_6,user_0663,79.0,2025-11-25,Active
TX_user_0663_7,user_0663,79.0,2025-12-25,Active
TX_user_0664_0,user_0664,79.0,2025-03-21,Active
TX_user_0664_1,user_0664,79.0,2025-04-20,Active
TX_user_0664_2,user_0664,79.0,2025-05-20,Active
TX_user_0664_3,user_0664,79.0,2025-06-19,Active
TX_user_0664_4,user_0664,79.0,2025-07-19,Active
TX_user_0664_5,user_0664,79.0,2025-08-18,Active
TX_user_0664_6,user_0664,79.0,2025-09-17,Active
TX_user_0664_7,user_0664,79.0,2025-10-17,Active
TX_user_0664_8,user_0664,79.0,2025-11-16,Active
TX_user_0664_9,user_0664,79.0,2025-12-16,Active
TX_user_0665_0,user_0665,79.0,2025-08-01,Active
TX_user_0665_1,user_0665,79.0,2025-08-31,Active
TX_user_0665_2,user_0665,79.0,2025-09-30,Active
TX_user_0665_3,user_0665,79.0,2025-10-30,Active
TX_user_0665_4,user_0665,79.0,2025-11-29,Active
TX_user_0665_5,user_0665,79.0,2025-12-29,Active
TX_user_0666_0,user_0666,29.0,2025-07-22,Churned
TX_user_0667_0,user_0667,79.0,2025-09-09,Active
TX_user_0667_1,user_0667,79.0,2025-10-09,Active
TX_user_0667_2,user_0667,79.0,2025-11-08,Active
TX_user_0667_3,user_0667,79.0,2025-12-08,Active
TX_user_0668_0,user_0668,299.0,2025-08-17,Active
TX_user_0668_1,user_0668,299.0,2025-09-16,Active
TX_user_0668_2,user_0668,299.0,2025-10-16,Active
TX_user_0668_3,user_0668,299.0,2025-11-15,Active
TX_user_0668_4,user_0668,299.0,2025-12-15,Active
TX_user_0669_0,user_0669,29.0,2025-06-13,Active
TX_user_0669_1,user_0669,29.0,2025-07-13,Active
TX_user_0669_2,user_0669,29.0,2025-08-12,Active
TX_user_0669_3,user_0669,29.0,2025-09-11,Active
TX_user_0669_4,user_0669,29.0,2025-10-11,Active
TX_user_0669_5,user_0669,29.0,2025-11-10,Active
TX_user_0669_6,user_0669,29.0,2025-12-10,Active
TX_user_0670_0,user_0670,29.0,2025-08-15,Active
TX_user_0670_1,user_0670,29.0,2025-09-14,Active
TX_user_0670_2,user_0670,29.0,2025-10-14,Active
TX_user_0670_3,user_0670,29.0,2025-11-13,Active
TX_user_0670_4,user_0670,29.0,2025-12-13,Active
TX_user_0671_0,user_0671,299.0,2025-05-27,Active
TX_user_0671_1,user_0671,299.0,2025-06-26,Active
TX_user_0671_2,user_0671,299.0,2025-07-26,Active
TX_user_0671_3,user_0671,299.0,2025-08-25,Active
TX_user_0671_4,user_0671,299.0,2025-09-24,Active
TX_user_0671_5,user_0671,299.0,2025-10-24,Active
TX_user_0671_6,user_0671,299.0,2025-11-23,Active
TX_user_0671_7,user_0671,299.0,2025-12-23,Active
TX_user_0672_0,user_0672,29.0,2025-01-20,Active
TX_user_0672_1,user_0672,29.0,2025-02-19,Active
TX_user_0672_2,user_0672,29.0,2025-03-21,Churned
TX_user_0673_0,user_0673,299.0,2025-02-16,Active
TX_user_0673_1,user_0673,299.0,2025-03-18,Active
TX_user_0673_2,user_0673,299.0,2025-04-17,Active
TX_user_0673_3,user_0673,299.0,2025-05-17,Active
TX_user_0673_4,user_0673,299.0,2025-06-16,Active
TX_user_0673_5,user_0673,299.0,2025-07-16,Active
TX_user_0673_6,user_0673,299.0,2025-08-15,Active
TX_user_0673_7,user_0673,299.0,2025-09-14,Active
TX_user_0673_8,user_0673,299.0,2025-10-14,Active
TX_user_0673_9,user_0673,299.0,2025-11-13,Active
TX_user_0673_10,user_0673,299.0,2025-12-13,Active
TX_user_0674_0,user_0674,29.0,2025-08-21,Active
TX_user_0674_1,user_0674,29.0,2025-09-20,Active
TX_user_0674_2,user_0674,29.0,2025-10-20,Active
TX_user_0674_3,user_0674,29.0,2025-11-19,Active
TX_user_0674_4,user_0674,29.0,2025-12-19,Active
TX_user_0675_0,user_0675,29.0,2025-11-01,Churned
TX_user_0676_0,user_0676,299.0,2025-01-14,Churned
TX_user_0677_0,user_0677,29.0,2025-05-23,Active
TX_user_0677_1,user_0677,29.0,2025-06-22,Active
TX_user_0677_2,user_0677,29.0,2025-07-22,Active
TX_user_0677_3,user_0677,29.0,2025-08-21,Active
TX_user_0677_4,user_0677,29.0,2025-09-20,Churned
TX_user_0678_0,user_0678,79.0,2025-01-01,Active
TX_user_0678_1,user_0678,79.0,2025-01-31,Active
TX_user_0678_2,user_0678,79.0,2025-03-02,Active
TX_user_0678_3,user_0678,79.0,2025-04-01,Active
TX_user_0678_4,user_0678,79.0,2025-05-01,Active
TX_user_0678_5,user_0678,79.0,2025-05-31,Active
TX_user_0678_6,user_0678,79.0,2025-06-30,Active
TX_user_0678_7,user_0678,79.0,2025-07-30,Active
TX_user_0678_8,user_0678,79.0,2025-08-29,Active
TX_user_0678_9,user_0678,79.0,2025-09-28,Active
TX_user_0678_10,user_0678,79.0,2025-10-28,Active
TX_user_0678_11,user_0678,79.0,2025-11-27,Active
TX_user_0679_0,user_0679,29.0,2025-02-23,Active
TX_user_0679_1,user_0679,29.0,2025-03-25,Active
TX_user_0679_2,user_0679,29.0,2025-04-24,Active
TX_user_0679_3,user_0679,29.0,2025-05-24,Active
TX_user_0679_4,user_0679,29.0,2025-06-23,Active
TX_user_0679_5,user_0679,29.0,2025-07-23,Active
TX_user_0679_6,user_0679,29.0,2025-08-22,Churned
TX_user_0680_0,user_0680,79.0,2025-09-16,Churned
TX_user_0681_0,user_0681,29.0,2025-05-24,Active
TX_user_0681_1,user_0681,29.0,2025-06-23,Churned
TX_user_0682_0,user_0682,29.0,2025-01-12,Active
TX_user_0682_1,user_0682,29.0,2025-02-11,Active
TX_user_0682_2,user_0682,29.0,2025-03-13,Active
TX_user_0682_3,user_0682,29.0,2025-04-12,Active
TX_user_0682_4,user_0682,29.0,2025-05-12,Active
TX_user_0682_5,user_0682,29.0,2025-06-11,Active
TX_user_0682_6,user_0682,29.0,2025-07-11,Active
TX_user_0682_7,user_0682,29.0,2025-08-10,Active
TX_user_0682_8,user_0682,29.0,2025-09-09,Active
TX_user_0682_9,user_0682,29.0,2025-10-09,Active
TX_user_0682_10,user_0682,29.0,2025-11-08,Active
TX_user_0682_11,user_0682,29.0,2025-12-08,Active
TX_user_0683_0,user_0683,299.0,2025-11-26,Active
TX_user_0683_1,user_0683,299.0,2025-12-26,Active
TX_user_0684_0,user_0684,29.0,2025-08-12,Active
TX_user_0684_1,user_0684,29.0,2025-09-11,Active
TX_user_0684_2,user_0684,29.0,2025-10-11,Active
TX_user_0684_3,user_0684,29.0,2025-11-10,Active
TX_user_0684_4,user_0684,29.0,2025-12-10,Active
TX_user_0685_0,user_0685,79.0,2025-09-29,Active
TX_user_0685_1,user_0685,79.0,2025-10-29,Active
TX_user_0685_2,user_0685,79.0,2025-11-28,Active
TX_user_0685_3,user_0685,79.0,2025-12-28,Active
TX_user_0686_0,user_0686,29.0,2025-12-24,Active
TX_user_0687_0,user_0687,79.0,2025-06-05,Active
TX_user_0687_1,user_0687,79.0,2025-07-05,Active
TX_user_0687_2,user_0687,79.0,2025-08-04,Active
TX_user_0687_3,user_0687,79.0,2025-09-03,Active
TX_user_0687_4,user_0687,79.0,2025-10-03,Active
TX_user_0687_5,user_0687,79.0,2025-11-02,Active
TX_user_0687_6,user_0687,79.0,2025-12-02,Active
TX_user_0688_0,user_0688,29.0,2025-01-08,Active
TX_user_0688_1,user_0688,29.0,2025-02-07,Active
TX_user_0688_2,user_0688,29.0,2025-03-09,Active
TX_user_0688_3,user_0688,29.0,2025-04-08,Active
TX_user_0688_4,user_0688,29.0,2025-05-08,Active
TX_user_0688_5,user_0688,29.0,2025-06-07,Active
TX_user_0688_6,user_0688,29.0,2025-07-07,Churned
TX_user_0689_0,user_0689,299.0,2025-05-02,Active
TX_user_0689_1,user_0689,299.0,2025-06-01,Active
TX_user_0689_2,user_0689,299.0,2025-07-01,Active
TX_user_0689_3,user_0689,299.0,2025-07-31,Active
TX_user_0689_4,user_0689,299.0,2025-08-30,Active
TX_user_0689_5,user_0689,299.0,2025-09-29,Active
TX_user_0689_6,user_0689,299.0,2025-10-29,Active
TX_user_0689_7,user_0689,299.0,2025-11-28,Active
TX_user_0689_8,user_0689,299.0,2025-12-28,Active
TX_user_0690_0,user_0690,29.0,2025-12-14,Active
TX_user_0691_0,user_0691,29.0,2025-06-13,Active
TX_user_0691_1,user_0691,29.0,2025-07-13,Active
TX_user_0691_2,user_0691,29.0,2025-08-12,Active
TX_user_0691_3,user_0691,29.0,2025-09-11,Active
TX_user_0691_4,user_0691,29.0,2025-10-11,Active
TX_user_0691_5,user_0691,29.0,2025-11-10,Active
TX_user_0691_6,user_0691,29.0,2025-12-10,Active
TX_user_0692_0,user_0692,29.0,2025-03-31,Active
TX_user_0692_1,user_0692,29.0,2025-04-30,Active
TX_user_0692_2,user_0692,29.0,2025-05-30,Active
TX_user_0692_3,user_0692,29.0,2025-06-29,Active
TX_user_0692_4,user_0692,29.0,2025-07-29,Active
TX_user_0692_5,user_0692,29.0,2025-08-28,Active
TX_user_0692_6,user_0692,29.0,2025-09-27,Active
TX_user_0692_7,user_0692,29.0,2025-10-27,Active
TX_user_0692_8,user_0692,29.0,2025-11-26,Active
TX_user_0692_9,user_0692,29.0,2025-12-26,Active
TX_user_0693_0,user_0693,29.0,2025-05-16,Active
TX_user_0693_1,user_0693,29.0,2025-06-15,Active
TX_user_0693_2,user_0693,29.0,2025-07-15,Active
TX_user_0693_3,user_0693,29.0,2025-08-14,Active
TX_user_0693_4,user_0693,29.0,2025-09-13,Active
TX_user_0693_5,user_0693,29.0,2025-10-13,Active
TX_user_0693_6,user_0693,29.0,2025-11-12,Active
TX_user_0693_7,user_0693,29.0,2025-12-12,Active
TX_user_0694_0,user_0694,79.0,2025-07-05,Active
TX_user_0694_1,user_0694,79.0,2025-08-04,Active
TX_user_0694_2,user_0694,79.0,2025-09-03,Active
TX_user_0694_3,user_0694,79.0,2025-10-03,Active
TX_user_0694_4,user_0694,79.0,2025-11-02,Active
TX_user_0694_5,user_0694,79.0,2025-12-02,Active
TX_user_0695_0,user_0695,29.0,2025-11-12,Active
TX_user_0695_1,user_0695,29.0,2025-12-12,Active
TX_user_0696_0,user_0696,79.0,2025-06-27,Active
TX_user_0696_1,user_0696,79.0,2025-07-27,Active
TX_user_0696_2,user_0696,79.0,2025-08-26,Churned
TX_user_0697_0,user_0697,29.0,2025-01-28,Active
TX_user_0697_1,user_0697,29.0,2025-02-27,Active
TX_user_0697_2,user_0697,29.0,2025-03-29,Active
TX_user_0697_3,user_0697,29.0,2025-04-28,Active
TX_user_0697_4,user_0697,29.0,2025-05-28,Active
TX_user_0697_5,user_0697,29.0,2025-06-27,Churned
TX_user_0698_0,user_0698,29.0,2025-08-08,Active
TX_user_0698_1,user_0698,29.0,2025-09-07,Active
TX_user_0698_2,user_0698,29.0,2025-10-07,Active
TX_user_0698_3,user_0698,29.0,2025-11-06,Active
TX_user_0698_4,user_0698,29.0,2025-12-06,Active
TX_user_0699_0,user_0699,79.0,2025-12-23,Active
TX_user_0700_0,user_0700,79.0,2025-02-10,Active
TX_user_0700_1,user_0700,79.0,2025-03-12,Active
TX_user_0700_2,user_0700,79.0,2025-04-11,Active
TX_user_0700_3,user_0700,79.0,2025-05-11,Active
TX_user_0700_4,user_0700,79.0,2025-06-10,Active
TX_user_0700_5,user_0700,79.0,2025-07-10,Active
TX_user_0700_6,user_0700,79.0,2025-08-09,Active
TX_user_0700_7,user_0700,79.0,2025-09-08,Active
TX_user_0700_8,user_0700,79.0,2025-10-08,Active
TX_user_0700_9,user_0700,79.0,2025-11-07,Active
TX_user_0700_10,user_0700,79.0,2025-12-07,Active
TX_user_0701_0,user_0701,29.0,2025-08-16,Active
TX_user_0701_1,user_0701,29.0,2025-09-15,Active
TX_user_0701_2,user_0701,29.0,2025-10-15,Active
TX_user_0701_3,user_0701,29.0,2025-11-14,Active
TX_user_0701_4,user_0701,29.0,2025-12-14,Active
TX_user_0702_0,user_0702,29.0,2025-07-11,Active
TX_user_0702_1,user_0702,29.0,2025-08-10,Active
TX_user_0702_2,user_0702,29.0,2025-09-09,Active
TX_user_0702_3,user_0702,29.0,2025-10-09,Churned
TX_user_0703_0,user_0703,29.0,2025-05-25,Active
TX_user_0703_1,user_0703,29.0,2025-06-24,Active
TX_user_0703_2,user_0703,29.0,2025-07-24,Active
TX_user_0703_3,user_0703,29.0,2025-08-23,Active
TX_user_0703_4,user_0703,29.0,2025-09-22,Churned
TX_user_0704_0,user_0704,79.0,2025-07-20,Active
TX_user_0704_1,user_0704,79.0,2025-08-19,Active
TX_user_0704_2,user_0704,79.0,2025-09-18,Active
TX_user_0704_3,user_0704,79.0,2025-10-18,Active
TX_user_0704_4,user_0704,79.0,2025-11-17,Active
TX_user_0704_5,user_0704,79.0,2025-12-17,Active
TX_user_0705_0,user_0705,79.0,2025-07-31,Active
TX_user_0705_1,user_0705,79.0,2025-08-30,Active
TX_user_0705_2,user_0705,79.0,2025-09-29,Active
TX_user_0705_3,user_0705,79.0,2025-10-29,Active
TX_user_0705_4,user_0705,79.0,2025-11-28,Active
TX_user_0705_5,user_0705,79.0,2025-12-28,Active
TX_user_0706_0,user_0706,29.0,2025-08-08,Active
TX_user_0706_1,user_0706,29.0,2025-09-07,Active
TX_user_0706_2,user_0706,29.0,2025-10-07,Active
TX_user_0706_3,user_0706,29.0,2025-11-06,Active
TX_user_0706_4,user_0706,29.0,2025-12-06,Active
TX_user_0707_0,user_0707,79.0,2025-08-28,Active
TX_user_0707_1,user_0707,79.0,2025-09-27,Active
TX_user_0707_2,user_0707,79.0,2025-10-27,Active
TX_user_0707_3,user_0707,79.0,2025-11-26,Active
TX_user_0707_4,user_0707,79.0,2025-12-26,Active
TX_user_0708_0,user_0708,79.0,2025-02-15,Active
TX_user_0708_1,user_0708,79.0,2025-03-17,Active
TX_user_0708_2,user_0708,79.0,2025-04-16,Active
TX_user_0708_3,user_0708,79.0,2025-05-16,Active
TX_user_0708_4,user_0708,79.0,2025-06-15,Active
TX_user_0708_5,user_0708,79.0,2025-07-15,Active
TX_user_0708_6,user_0708,79.0,2025-08-14,Active
TX_user_0708_7,user_0708,79.0,2025-09-13,Active
TX_user_0708_8,user_0708,79.0,2025-10-13,Active
TX_user_0708_9,user_0708,79.0,2025-11-12,Active
TX_user_0708_10,user_0708,79.0,2025-12-12,Active
TX_user_0709_0,user_0709,79.0,2025-02-04,Active
TX_user_0709_1,user_0709,79.0,2025-03-06,Active
TX_user_0709_2,user_0709,79.0,2025-04-05,Active
TX_user_0709_3,user_0709,79.0,2025-05-05,Active
TX_user_0709_4,user_0709,79.0,2025-06-04,Active
TX_user_0709_5,user_0709,79.0,2025-07-04,Active
TX_user_0709_6,user_0709,79.0,2025-08-03,Active
TX_user_0709_7,user_0709,79.0,2025-09-02,Active
TX_user_0709_8,user_0709,79.0,2025-10-02,Active
TX_user_0709_9,user_0709,79.0,2025-11-01,Active
TX_user_0709_10,user_0709,79.0,2025-12-01,Active
TX_user_0709_11,user_0709,79.0,2025-12-31,Active
TX_user_0710_0,user_0710,299.0,2025-09-10,Active
TX_user_0710_1,user_0710,299.0,2025-10-10,Active
TX_user_0710_2,user_0710,299.0,2025-11-09,Active
TX_user_0710_3,user_0710,299.0,2025-12-09,Active
TX_user_0711_0,user_0711,29.0,2025-03-23,Churned
TX_user_0712_0,user_0712,29.0,2025-09-13,Active
TX_user_0712_1,user_0712,29.0,2025-10-13,Active
TX_user_0712_2,user_0712,29.0,2025-11-12,Active
TX_user_0712_3,user_0712,29.0,2025-12-12,Active
TX_user_0713_0,user_0713,29.0,2025-07-16,Active
TX_user_0713_1,user_0713,29.0,2025-08-15,Active
TX_user_0713_2,user_0713,29.0,2025-09-14,Active
TX_user_0713_3,user_0713,29.0,2025-10-14,Active
TX_user_0713_4,user_0713,29.0,2025-11-13,Active
TX_user_0713_5,user_0713,29.0,2025-12-13,Active
TX_user_0714_0,user_0714,29.0,2025-10-30,Active
TX_user_0714_1,user_0714,29.0,2025-11-29,Active
TX_user_0714_2,user_0714,29.0,2025-12-29,Active
TX_user_0715_0,user_0715,79.0,2025-01-10,Active
TX_user_0715_1,user_0715,79.0,2025-02-09,Active
TX_user_0715_2,user_0715,79.0,2025-03-11,Active
TX_user_0715_3,user_0715,79.0,2025-04-10,Active
TX_user_0715_4,user_0715,79.0,2025-05-10,Active
TX_user_0715_5,user_0715,79.0,2025-06-09,Active
TX_user_0715_6,user_0715,79.0,2025-07-09,Active
TX_user_0715_7,user_0715,79.0,2025-08-08,Active
TX_user_0715_8,user_0715,79.0,2025-09-07,Active
TX_user_0715_9,user_0715,79.0,2025-10-07,Active
TX_user_0715_10,user_0715,79.0,2025-11-06,Active
TX_user_0715_11,user_0715,79.0,2025-12-06,Active
TX_user_0716_0,user_0716,299.0,2025-11-08,Active
TX_user_0716_1,user_0716,299.0,2025-12-08,Active
TX_user_0717_0,user_0717,29.0,2025-10-13,Active
TX_user_0717_1,user_0717,29.0,2025-11-12,Active
TX_user_0717_2,user_0717,29.0,2025-12-12,Active
TX_user_0718_0,user_0718,29.0,2025-08-30,Active
TX_user_0718_1,user_0718,29.0,2025-09-29,Active
TX_user_0718_2,user_0718,29.0,2025-10-29,Active
TX_user_0718_3,user_0718,29.0,2025-11-28,Active
TX_user_0718_4,user_0718,29.0,2025-12-28,Active
TX_user_0719_0,user_0719,29.0,2025-09-08,Active
TX_user_0719_1,user_0719,29.0,2025-10-08,Active
TX_user_0719_2,user_0719,29.0,2025-11-07,Active
TX_user_0719_3,user_0719,29.0,2025-12-07,Active
TX_user_0720_0,user_0720,299.0,2025-12-31,Active
TX_user_0721_0,user_0721,29.0,2025-01-05,Active
TX_user_0721_1,user_0721,29.0,2025-02-04,Active
TX_user_0721_2,user_0721,29.0,2025-03-06,Active
TX_user_0721_3,user_0721,29.0,2025-04-05,Active
TX_user_0721_4,user_0721,29.0,2025-05-05,Active
TX_user_0721_5,user_0721,29.0,2025-06-04,Active
TX_user_0721_6,user_0721,29.0,2025-07-04,Active
TX_user_0721_7,user_0721,29.0,2025-08-03,Active
TX_user_0721_8,user_0721,29.0,2025-09-02,Active
TX_user_0721_9,user_0721,29.0,2025-10-02,Active
TX_user_0721_10,user_0721,29.0,2025-11-01,Active
TX_user_0721_11,user_0721,29.0,2025-12-01,Active
TX_user_0722_0,user_0722,79.0,2025-04-29,Active
TX_user_0722_1,user_0722,79.0,2025-05-29,Active
TX_user_0722_2,user_0722,79.0,2025-06-28,Active
TX_user_0722_3,user_0722,79.0,2025-07-28,Active
TX_user_0722_4,user_0722,79.0,2025-08-27,Active
TX_user_0722_5,user_0722,79.0,2025-09-26,Active
TX_user_0722_6,user_0722,79.0,2025-10-26,Active
TX_user_0722_7,user_0722,79.0,2025-11-25,Active
TX_user_0722_8,user_0722,79.0,2025-12-25,Active
TX_user_0723_0,user_0723,29.0,2025-10-16,Active
TX_user_0723_1,user_0723,29.0,2025-11-15,Active
TX_user_0723_2,user_0723,29.0,2025-12-15,Active
TX_user_0724_0,user_0724,29.0,2025-03-06,Active
TX_user_0724_1,user_0724,29.0,2025-04-05,Active
TX_user_0724_2,user_0724,29.0,2025-05-05,Active
TX_user_0724_3,user_0724,29.0,2025-06-04,Active
TX_user_0724_4,user_0724,29.0,2025-07-04,Active
TX_user_0724_5,user_0724,29.0,2025-08-03,Active
TX_user_0724_6,user_0724,29.0,2025-09-02,Active
TX_user_0724_7,user_0724,29.0,2025-10-02,Active
TX_user_0724_8,user_0724,29.0,2025-11-01,Active
TX_user_0724_9,user_0724,29.0,2025-12-01,Active
TX_user_0724_10,user_0724,29.0,2025-12-31,Active
TX_user_0725_0,user_0725,299.0,2025-05-26,Active
TX_user_0725_1,user_0725,299.0,2025-06-25,Active
TX_user_0725_2,user_0725,299.0,2025-07-25,Active
TX_user_0725_3,user_0725,299.0,2025-08-24,Active
TX_user_0725_4,user_0725,299.0,2025-09-23,Active
TX_user_0725_5,user_0725,299.0,2025-10-23,Active
TX_user_0725_6,user_0725,299.0,2025-11-22,Active
TX_user_0725_7,user_0725,299.0,2025-12-22,Active
TX_user_0726_0,user_0726,299.0,2025-08-12,Active
TX_user_0726_1,user_0726,299.0,2025-09-11,Active
TX_user_0726_2,user_0726,299.0,2025-10-11,Active
TX_user_0726_3,user_0726,299.0,2025-11-10,Active
TX_user_0726_4,user_0726,299.0,2025-12-10,Active
TX_user_0727_0,user_0727,29.0,2025-08-27,Active
TX_user_0727_1,user_0727,29.0,2025-09-26,Active
TX_user_0727_2,user_0727,29.0,2025-10-26,Active
TX_user_0727_3,user_0727,29.0,2025-11-25,Active
TX_user_0727_4,user_0727,29.0,2025-12-25,Active
TX_user_0728_0,user_0728,299.0,2025-06-26,Active
TX_user_0728_1,user_0728,299.0,2025-07-26,Active
TX_user_0728_2,user_0728,299.0,2025-08-25,Active
TX_user_0728_3,user_0728,299.0,2025-09-24,Active
TX_user_0728_4,user_0728,299.0,2025-10-24,Active
TX_user_0728_5,user_0728,299.0,2025-11-23,Active
TX_user_0728_6,user_0728,299.0,2025-12-23,Churned
TX_user_0729_0,user_0729,79.0,2025-09-24,Active
TX_user_0729_1,user_0729,79.0,2025-10-24,Active
TX_user_0729_2,user_0729,79.0,2025-11-23,Active
TX_user_0729_3,user_0729,79.0,2025-12-23,Active
TX_user_0730_0,user_0730,299.0,2025-12-07,Active
TX_user_0731_0,user_0731,29.0,2025-10-09,Active
TX_user_0731_1,user_0731,29.0,2025-11-08,Active
TX_user_0731_2,user_0731,29.0,2025-12-08,Active
TX_user_0732_0,user_0732,79.0,2025-03-04,Active
TX_user_0732_1,user_0732,79.0,2025-04-03,Active
TX_user_0732_2,user_0732,79.0,2025-05-03,Active
TX_user_0732_3,user_0732,79.0,2025-06-02,Active
TX_user_0732_4,user_0732,79.0,2025-07-02,Active
TX_user_0732_5,user_0732,79.0,2025-08-01,Active
TX_user_0732_6,user_0732,79.0,2025-08-31,Active
TX_user_0732_7,user_0732,79.0,2025-09-30,Active
TX_user_0732_8,user_0732,79.0,2025-10-30,Active
TX_user_0732_9,user_0732,79.0,2025-11-29,Active
TX_user_0732_10,user_0732,79.0,2025-12-29,Churned
TX_user_0733_0,user_0733,29.0,2025-08-05,Active
TX_user_0733_1,user_0733,29.0,2025-09-04,Active
TX_user_0733_2,user_0733,29.0,2025-10-04,Active
TX_user_0733_3,user_0733,29.0,2025-11-03,Active
TX_user_0733_4,user_0733,29.0,2025-12-03,Active
TX_user_0734_0,user_0734,79.0,2025-12-08,Active
TX_user_0735_0,user_0735,29.0,2025-11-11,Active
TX_user_0735_1,user_0735,29.0,2025-12-11,Active
TX_user_0736_0,user_0736,29.0,2025-10-10,Active
TX_user_0736_1,user_0736,29.0,2025-11-09,Active
TX_user_0736_2,user_0736,29.0,2025-12-09,Active
TX_user_0737_0,user_0737,29.0,2025-06-26,Active
TX_user_0737_1,user_0737,29.0,2025-07-26,Active
TX_user_0737_2,user_0737,29.0,2025-08-25,Active
TX_user_0737_3,user_0737,29.0,2025-09-24,Active
TX_user_0737_4,user_0737,29.0,2025-10-24,Active
TX_user_0737_5,user_0737,29.0,2025-11-23,Active
TX_user_0737_6,user_0737,29.0,2025-12-23,Active
TX_user_0738_0,user_0738,79.0,2025-04-08,Active
TX_user_0738_1,user_0738,79.0,2025-05-08,Active
TX_user_0738_2,user_0738,79.0,2025-06-07,Active
TX_user_0738_3,user_0738,79.0,2025-07-07,Active
TX_user_0738_4,user_0738,79.0,2025-08-06,Active
TX_user_0738_5,user_0738,79.0,2025-09-05,Active
TX_user_0738_6,user_0738,79.0,2025-10-05,Active
TX_user_0738_7,user_0738,79.0,2025-11-04,Active
TX_user_0738_8,user_0738,79.0,2025-12-04,Active
TX_user_0739_0,user_0739,29.0,2025-04-15,Active
TX_user_0739_1,user_0739,29.0,2025-05-15,Active
TX_user_0739_2,user_0739,29.0,2025-06-14,Active
TX_user_0739_3,user_0739,29.0,2025-07-14,Churned
TX_user_0740_0,user_0740,79.0,2025-04-09,Active
TX_user_0740_1,user_0740,79.0,2025-05-09,Active
TX_user_0740_2,user_0740,79.0,2025-06-08,Active
TX_user_0740_3,user_0740,79.0,2025-07-08,Active
TX_user_0740_4,user_0740,79.0,2025-08-07,Active
TX_user_0740_5,user_0740,79.0,2025-09-06,Active
TX_user_0740_6,user_0740,79.0,2025-10-06,Active
TX_user_0740_7,user_0740,79.0,2025-11-05,Active
TX_user_0740_8,user_0740,79.0,2025-12-05,Active
TX_user_0741_0,user_0741,299.0,2025-11-07,Active
TX_user_0741_1,user_0741,299.0,2025-12-07,Active
TX_user_0742_0,user_0742,29.0,2025-01-06,Active
TX_user_0742_1,user_0742,29.0,2025-02-05,Active
TX_user_0742_2,user_0742,29.0,2025-03-07,Active
TX_user_0742_3,user_0742,29.0,2025-04-06,Active
TX_user_0742_4,user_0742,29.0,2025-05-06,Active
TX_user_0742_5,user_0742,29.0,2025-06-05,Active
TX_user_0742_6,user_0742,29.0,2025-07-05,Active
TX_user_0742_7,user_0742,29.0,2025-08-04,Active
TX_user_0742_8,user_0742,29.0,2025-09-03,Active
TX_user_0742_9,user_0742,29.0,2025-10-03,Active
TX_user_0742_10,user_0742,29.0,2025-11-02,Active
TX_user_0742_11,user_0742,29.0,2025-12-02,Active
TX_user_0743_0,user_0743,79.0,2025-07-16,Active
TX_user_0743_1,user_0743,79.0,2025-08-15,Active
TX_user_0743_2,user_0743,79.0,2025-09-14,Active
TX_user_0743_3,user_0743,79.0,2025-10-14,Active
TX_user_0743_4,user_0743,79.0,2025-11-13,Active
TX_user_0743_5,user_0743,79.0,2025-12-13,Active
TX_user_0744_0,user_0744,29.0,2025-12-17,Active
TX_user_0745_0,user_0745,299.0,2025-05-13,Active
TX_user_0745_1,user_0745,299.0,2025-06-12,Active
TX_user_0745_2,user_0745,299.0,2025-07-12,Active
TX_user_0745_3,user_0745,299.0,2025-08-11,Active
TX_user_0745_4,user_0745,299.0,2025-09-10,Active
TX_user_0745_5,user_0745,299.0,2025-10-10,Active
TX_user_0745_6,user_0745,299.0,2025-11-09,Active
TX_user_0745_7,user_0745,299.0,2025-12-09,Active
TX_user_0746_0,user_0746,29.0,2025-12-24,Active
TX_user_0747_0,user_0747,79.0,2025-09-16,Active
TX_user_0747_1,user_0747,79.0,2025-10-16,Active
TX_user_0747_2,user_0747,79.0,2025-11-15,Active
TX_user_0747_3,user_0747,79.0,2025-12-15,Active
TX_user_0748_0,user_0748,79.0,2025-01-23,Active
TX_user_0748_1,user_0748,79.0,2025-02-22,Active
TX_user_0748_2,user_0748,79.0,2025-03-24,Active
TX_user_0748_3,user_0748,79.0,2025-04-23,Active
TX_user_0748_4,user_0748,79.0,2025-05-23,Active
TX_user_0748_5,user_0748,79.0,2025-06-22,Active
TX_user_0748_6,user_0748,79.0,2025-07-22,Active
TX_user_0748_7,user_0748,79.0,2025-08-21,Active
TX_user_0748_8,user_0748,79.0,2025-09-20,Active
TX_user_0748_9,user_0748,79.0,2025-10-20,Active
TX_user_0748_10,user_0748,79.0,2025-11-19,Active
TX_user_0748_11,user_0748,79.0,2025-12-19,Churned
TX_user_0749_0,user_0749,299.0,2025-02-22,Active
TX_user_0749_1,user_0749,299.0,2025-03-24,Active
TX_user_0749_2,user_0749,299.0,2025-04-23,Active
TX_user_0749_3,user_0749,299.0,2025-05-23,Active
TX_user_0749_4,user_0749,299.0,2025-06-22,Active
TX_user_0749_5,user_0749,299.0,2025-07-22,Active
TX_user_0749_6,user_0749,299.0,2025-08-21,Active
TX_user_0749_7,user_0749,299.0,2025-09-20,Active
TX_user_0749_8,user_0749,299.0,2025-10-20,Active
TX_user_0749_9,user_0749,299.0,2025-11-19,Churned
TX_user_0750_0,user_0750,79.0,2025-06-14,Active
TX_user_0750_1,user_0750,79.0,2025-07-14,Active
TX_user_0750_2,user_0750,79.0,2025-08-13,Active
TX_user_0750_3,user_0750,79.0,2025-09-12,Active
TX_user_0750_4,user_0750,79.0,2025-10-12,Active
TX_user_0750_5,user_0750,79.0,2025-11-11,Active
TX_user_0750_6,user_0750,79.0,2025-12-11,Active
TX_user_0751_0,user_0751,29.0,2025-07-21,Active
TX_user_0751_1,user_0751,29.0,2025-08-20,Active
TX_user_0751_2,user_0751,29.0,2025-09-19,Active
TX_user_0751_3,user_0751,29.0,2025-10-19,Active
TX_user_0751_4,user_0751,29.0,2025-11-18,Active
TX_user_0751_5,user_0751,29.0,2025-12-18,Active
TX_user_0752_0,user_0752,79.0,2025-03-24,Active
TX_user_0752_1,user_0752,79.0,2025-04-23,Active
TX_user_0752_2,user_0752,79.0,2025-05-23,Active
TX_user_0752_3,user_0752,79.0,2025-06-22,Active
TX_user_0752_4,user_0752,79.0,2025-07-22,Active
TX_user_0752_5,user_0752,79.0,2025-08-21,Active
TX_user_0752_6,user_0752,79.0,2025-09-20,Active
TX_user_0752_7,user_0752,79.0,2025-10-20,Active
TX_user_0752_8,user_0752,79.0,2025-11-19,Active
TX_user_0752_9,user_0752,79.0,2025-12-19,Active
TX_user_0753_0,user_0753,299.0,2025-05-25,Active
TX_user_0753_1,user_0753,299.0,2025-06-24,Active
TX_user_0753_2,user_0753,299.0,2025-07-24,Active
TX_user_0753_3,user_0753,299.0,2025-08-23,Active
TX_user_0753_4,user_0753,299.0,2025-09-22,Active
TX_user_0753_5,user_0753,299.0,2025-10-22,Active
TX_user_0753_6,user_0753,299.0,2025-11-21,Active
TX_user_0753_7,user_0753,299.0,2025-12-21,Active
TX_user_0754_0,user_0754,79.0,2025-03-26,Active
TX_user_0754_1,user_0754,79.0,2025-04-25,Active
TX_user_0754_2,user_0754,79.0,2025-05-25,Active
TX_user_0754_3,user_0754,79.0,2025-06-24,Active
TX_user_0754_4,user_0754,79.0,2025-07-24,Active
TX_user_0754_5,user_0754,79.0,2025-08-23,Active
TX_user_0754_6,user_0754,79.0,2025-09-22,Active
TX_user_0754_7,user_0754,79.0,2025-10-22,Active
TX_user_0754_8,user_0754,79.0,2025-11-21,Active
TX_user_0754_9,user_0754,79.0,2025-12-21,Active
TX_user_0755_0,user_0755,29.0,2025-03-19,Active
TX_user_0755_1,user_0755,29.0,2025-04-18,Active
TX_user_0755_2,user_0755,29.0,2025-05-18,Active
TX_user_0755_3,user_0755,29.0,2025-06-17,Active
TX_user_0755_4,user_0755,29.0,2025-07-17,Active
TX_user_0755_5,user_0755,29.0,2025-08-16,Active
TX_user_0755_6,user_0755,29.0,2025-09-15,Active
TX_user_0755_7,user_0755,29.0,2025-10-15,Active
TX_user_0755_8,user_0755,29.0,2025-11-14,Active
TX_user_0755_9,user_0755,29.0,2025-12-14,Active
TX_user_0756_0,user_0756,299.0,2025-01-01,Active
TX_user_0756_1,user_0756,299.0,2025-01-31,Active
TX_user_0756_2,user_0756,299.0,2025-03-02,Active
TX_user_0756_3,user_0756,299.0,2025-04-01,Active
TX_user_0756_4,user_0756,299.0,2025-05-01,Active
TX_user_0756_5,user_0756,299.0,2025-05-31,Active
TX_user_0756_6,user_0756,299.0,2025-06-30,Active
TX_user_0756_7,user_0756,299.0,2025-07-30,Active
TX_user_0756_8,user_0756,299.0,2025-08-29,Active
TX_user_0756_9,user_0756,299.0,2025-09-28,Active
TX_user_0756_10,user_0756,299.0,2025-10-28,Active
TX_user_0756_11,user_0756,299.0,2025-11-27,Active
TX_user_0757_0,user_0757,79.0,2025-02-20,Active
TX_user_0757_1,user_0757,79.0,2025-03-22,Active
TX_user_0757_2,user_0757,79.0,2025-04-21,Active
TX_user_0757_3,user_0757,79.0,2025-05-21,Active
TX_user_0757_4,user_0757,79.0,2025-06-20,Active
TX_user_0757_5,user_0757,79.0,2025-07-20,Active
TX_user_0757_6,user_0757,79.0,2025-08-19,Active
TX_user_0757_7,user_0757,79.0,2025-09-18,Active
TX_user_0757_8,user_0757,79.0,2025-10-18,Active
TX_user_0757_9,user_0757,79.0,2025-11-17,Active
TX_user_0757_10,user_0757,79.0,2025-12-17,Active
TX_user_0758_0,user_0758,79.0,2025-06-22,Active
TX_user_0758_1,user_0758,79.0,2025-07-22,Active
TX_user_0758_2,user_0758,79.0,2025-08-21,Active
TX_user_0758_3,user_0758,79.0,2025-09-20,Active
TX_user_0758_4,user_0758,79.0,2025-10-20,Active
TX_user_0758_5,user_0758,79.0,2025-11-19,Active
TX_user_0758_6,user_0758,79.0,2025-12-19,Active
TX_user_0759_0,user_0759,29.0,2025-07-24,Active
TX_user_0759_1,user_0759,29.0,2025-08-23,Active
TX_user_0759_2,user_0759,29.0,2025-09-22,Active
TX_user_0759_3,user_0759,29.0,2025-10-22,Active
TX_user_0759_4,user_0759,29.0,2025-11-21,Active
TX_user_0759_5,user_0759,29.0,2025-12-21,Active
TX_user_0760_0,user_0760,79.0,2025-09-17,Active
TX_user_0760_1,user_0760,79.0,2025-10-17,Active
TX_user_0760_2,user_0760,79.0,2025-11-16,Active
TX_user_0760_3,user_0760,79.0,2025-12-16,Active
TX_user_0761_0,user_0761,29.0,2025-10-15,Active
TX_user_0761_1,user_0761,29.0,2025-11-14,Active
TX_user_0761_2,user_0761,29.0,2025-12-14,Active
TX_user_0762_0,user_0762,79.0,2025-02-03,Active
TX_user_0762_1,user_0762,79.0,2025-03-05,Active
TX_user_0762_2,user_0762,79.0,2025-04-04,Active
TX_user_0762_3,user_0762,79.0,2025-05-04,Active
TX_user_0762_4,user_0762,79.0,2025-06-03,Active
TX_user_0762_5,user_0762,79.0,2025-07-03,Active
TX_user_0762_6,user_0762,79.0,2025-08-02,Active
TX_user_0762_7,user_0762,79.0,2025-09-01,Active
TX_user_0762_8,user_0762,79.0,2025-10-01,Active
TX_user_0762_9,user_0762,79.0,2025-10-31,Active
TX_user_0762_10,user_0762,79.0,2025-11-30,Active
TX_user_0762_11,user_0762,79.0,2025-12-30,Active
TX_user_0763_0,user_0763,29.0,2025-12-14,Active
TX_user_0764_0,user_0764,79.0,2025-04-05,Active
TX_user_0764_1,user_0764,79.0,2025-05-05,Active
TX_user_0764_2,user_0764,79.0,2025-06-04,Active
TX_user_0764_3,user_0764,79.0,2025-07-04,Active
TX_user_0764_4,user_0764,79.0,2025-08-03,Active
TX_user_0764_5,user_0764,79.0,2025-09-02,Active
TX_user_0764_6,user_0764,79.0,2025-10-02,Active
TX_user_0764_7,user_0764,79.0,2025-11-01,Active
TX_user_0764_8,user_0764,79.0,2025-12-01,Active
TX_user_0764_9,user_0764,79.0,2025-12-31,Active
TX_user_0765_0,user_0765,299.0,2025-03-13,Active
TX_user_0765_1,user_0765,299.0,2025-04-12,Active
TX_user_0765_2,user_0765,299.0,2025-05-12,Active
TX_user_0765_3,user_0765,299.0,2025-06-11,Active
TX_user_0765_4,user_0765,299.0,2025-07-11,Active
TX_user_0765_5,user_0765,299.0,2025-08-10,Active
TX_user_0765_6,user_0765,299.0,2025-09-09,Active
TX_user_0765_7,user_0765,299.0,2025-10-09,Active
TX_user_0765_8,user_0765,299.0,2025-11-08,Active
TX_user_0765_9,user_0765,299.0,2025-12-08,Active
TX_user_0766_0,user_0766,29.0,2025-02-08,Active
TX_user_0766_1,user_0766,29.0,2025-03-10,Active
TX_user_0766_2,user_0766,29.0,2025-04-09,Active
TX_user_0766_3,user_0766,29.0,2025-05-09,Active
TX_user_0766_4,user_0766,29.0,2025-06-08,Active
TX_user_0766_5,user_0766,29.0,2025-07-08,Active
TX_user_0766_6,user_0766,29.0,2025-08-07,Active
TX_user_0766_7,user_0766,29.0,2025-09-06,Active
TX_user_0766_8,user_0766,29.0,2025-10-06,Active
TX_user_0766_9,user_0766,29.0,2025-11-05,Active
TX_user_0766_10,user_0766,29.0,2025-12-05,Active
TX_user_0767_0,user_0767,299.0,2025-06-03,Active
TX_user_0767_1,user_0767,299.0,2025-07-03,Active
TX_user_0767_2,user_0767,299.0,2025-08-02,Active
TX_user_0767_3,user_0767,299.0,2025-09-01,Active
TX_user_0767_4,user_0767,299.0,2025-10-01,Active
TX_user_0767_5,user_0767,299.0,2025-10-31,Active
TX_user_0767_6,user_0767,299.0,2025-11-30,Active
TX_user_0767_7,user_0767,299.0,2025-12-30,Active
TX_user_0768_0,user_0768,29.0,2025-09-07,Active
TX_user_0768_1,user_0768,29.0,2025-10-07,Active
TX_user_0768_2,user_0768,29.0,2025-11-06,Active
TX_user_0768_3,user_0768,29.0,2025-12-06,Active
TX_user_0769_0,user_0769,299.0,2025-06-11,Active
TX_user_0769_1,user_0769,299.0,2025-07-11,Active
TX_user_0769_2,user_0769,299.0,2025-08-10,Active
TX_user_0769_3,user_0769,299.0,2025-09-09,Active
TX_user_0769_4,user_0769,299.0,2025-10-09,Active
TX_user_0769_5,user_0769,299.0,2025-11-08,Active
TX_user_0769_6,user_0769,299.0,2025-12-08,Active
TX_user_0770_0,user_0770,79.0,2025-04-28,Active
TX_user_0770_1,user_0770,79.0,2025-05-28,Active
TX_user_0770_2,user_0770,79.0,2025-06-27,Active
TX_user_0770_3,user_0770,79.0,2025-07-27,Active
TX_user_0770_4,user_0770,79.0,2025-08-26,Active
TX_user_0770_5,user_0770,79.0,2025-09-25,Active
TX_user_0770_6,user_0770,79.0,2025-10-25,Active
TX_user_0770_7,user_0770,79.0,2025-11-24,Active
TX_user_0770_8,user_0770,79.0,2025-12-24,Active
TX_user_0771_0,user_0771,79.0,2025-09-16,Active
TX_user_0771_1,user_0771,79.0,2025-10-16,Active
TX_user_0771_2,user_0771,79.0,2025-11-15,Active
TX_user_0771_3,user_0771,79.0,2025-12-15,Active
TX_user_0772_0,user_0772,79.0,2025-11-02,Active
TX_user_0772_1,user_0772,79.0,2025-12-02,Active
TX_user_0773_0,user_0773,299.0,2025-09-25,Active
TX_user_0773_1,user_0773,299.0,2025-10-25,Active
TX_user_0773_2,user_0773,299.0,2025-11-24,Churned
TX_user_0774_0,user_0774,29.0,2025-02-23,Active
TX_user_0774_1,user_0774,29.0,2025-03-25,Active
TX_user_0774_2,user_0774,29.0,2025-04-24,Active
TX_user_0774_3,user_0774,29.0,2025-05-24,Active
TX_user_0774_4,user_0774,29.0,2025-06-23,Active
TX_user_0774_5,user_0774,29.0,2025-07-23,Active
TX_user_0774_6,user_0774,29.0,2025-08-22,Active
TX_user_0774_7,user_0774,29.0,2025-09-21,Active
TX_user_0774_8,user_0774,29.0,2025-10-21,Active
TX_user_0774_9,user_0774,29.0,2025-11-20,Active
TX_user_0774_10,user_0774,29.0,2025-12-20,Active
TX_user_0775_0,user_0775,29.0,2025-08-24,Active
TX_user_0775_1,user_0775,29.0,2025-09-23,Active
TX_user_0775_2,user_0775,29.0,2025-10-23,Active
TX_user_0775_3,user_0775,29.0,2025-11-22,Active
TX_user_0775_4,user_0775,29.0,2025-12-22,Active
TX_user_0776_0,user_0776,79.0,2025-08-10,Active
TX_user_0776_1,user_0776,79.0,2025-09-09,Active
TX_user_0776_2,user_0776,79.0,2025-10-09,Active
TX_user_0776_3,user_0776,79.0,2025-11-08,Active
TX_user_0776_4,user_0776,79.0,2025-12-08,Active
TX_user_0777_0,user_0777,79.0,2025-09-08,Active
TX_user_0777_1,user_0777,79.0,2025-10-08,Active
TX_user_0777_2,user_0777,79.0,2025-11-07,Active
TX_user_0777_3,user_0777,79.0,2025-12-07,Active
TX_user_0778_0,user_0778,79.0,2025-11-09,Active
TX_user_0778_1,user_0778,79.0,2025-12-09,Active
TX_user_0779_0,user_0779,79.0,2025-04-22,Active
TX_user_0779_1,user_0779,79.0,2025-05-22,Active
TX_user_0779_2,user_0779,79.0,2025-06-21,Active
TX_user_0779_3,user_0779,79.0,2025-07-21,Active
TX_user_0779_4,user_0779,79.0,2025-08-20,Churned
TX_user_0780_0,user_0780,29.0,2025-09-12,Active
TX_user_0780_1,user_0780,29.0,2025-10-12,Active
TX_user_0780_2,user_0780,29.0,2025-11-11,Active
TX_user_0780_3,user_0780,29.0,2025-12-11,Active
TX_user_0781_0,user_0781,79.0,2025-10-30,Active
TX_user_0781_1,user_0781,79.0,2025-11-29,Active
TX_user_0781_2,user_0781,79.0,2025-12-29,Active
TX_user_0782_0,user_0782,29.0,2025-07-26,Active
TX_user_0782_1,user_0782,29.0,2025-08-25,Active
TX_user_0782_2,user_0782,29.0,2025-09-24,Active
TX_user_0782_3,user_0782,29.0,2025-10-24,Active
TX_user_0782_4,user_0782,29.0,2025-11-23,Active
TX_user_0782_5,user_0782,29.0,2025-12-23,Active
TX_user_0783_0,user_0783,79.0,2025-08-17,Churned
TX_user_0784_0,user_0784,29.0,2025-12-07,Active
TX_user_0785_0,user_0785,29.0,2025-03-07,Active
TX_user_0785_1,user_0785,29.0,2025-04-06,Active
TX_user_0785_2,user_0785,29.0,2025-05-06,Active
TX_user_0785_3,user_0785,29.0,2025-06-05,Active
TX_user_0785_4,user_0785,29.0,2025-07-05,Active
TX_user_0785_5,user_0785,29.0,2025-08-04,Active
TX_user_0785_6,user_0785,29.0,2025-09-03,Active
TX_user_0785_7,user_0785,29.0,2025-10-03,Active
TX_user_0785_8,user_0785,29.0,2025-11-02,Active
TX_user_0785_9,user_0785,29.0,2025-12-02,Active
TX_user_0786_0,user_0786,29.0,2025-03-16,Active
TX_user_0786_1,user_0786,29.0,2025-04-15,Active
TX_user_0786_2,user_0786,29.0,2025-05-15,Active
TX_user_0786_3,user_0786,29.0,2025-06-14,Active
TX_user_0786_4,user_0786,29.0,2025-07-14,Active
TX_user_0786_5,user_0786,29.0,2025-08-13,Active
TX_user_0786_6,user_0786,29.0,2025-09-12,Active
TX_user_0786_7,user_0786,29.0,2025-10-12,Active
TX_user_0786_8,user_0786,29.0,2025-11-11,Active
TX_user_0786_9,user_0786,29.0,2025-12-11,Active
TX_user_0787_0,user_0787,29.0,2025-04-13,Active
TX_user_0787_1,user_0787,29.0,2025-05-13,Active
TX_user_0787_2,user_0787,29.0,2025-06-12,Active
TX_user_0787_3,user_0787,29.0,2025-07-12,Active
TX_user_0787_4,user_0787,29.0,2025-08-11,Active
TX_user_0787_5,user_0787,29.0,2025-09-10,Active
TX_user_0787_6,user_0787,29.0,2025-10-10,Active
TX_user_0787_7,user_0787,29.0,2025-11-09,Active
TX_user_0787_8,user_0787,29.0,2025-12-09,Active
TX_user_0788_0,user_0788,79.0,2025-07-11,Active
TX_user_0788_1,user_0788,79.0,2025-08-10,Active
TX_user_0788_2,user_0788,79.0,2025-09-09,Active
TX_user_0788_3,user_0788,79.0,2025-10-09,Active
TX_user_0788_4,user_0788,79.0,2025-11-08,Active
TX_user_0788_5,user_0788,79.0,2025-12-08,Active
TX_user_0789_0,user_0789,29.0,2025-09-09,Active
TX_user_0789_1,user_0789,29.0,2025-10-09,Active
TX_user_0789_2,user_0789,29.0,2025-11-08,Active
TX_user_0789_3,user_0789,29.0,2025-12-08,Active
TX_user_0790_0,user_0790,29.0,2025-08-14,Active
TX_user_0790_1,user_0790,29.0,2025-09-13,Active
TX_user_0790_2,user_0790,29.0,2025-10-13,Active
TX_user_0790_3,user_0790,29.0,2025-11-12,Active
TX_user_0790_4,user_0790,29.0,2025-12-12,Active
TX_user_0791_0,user_0791,29.0,2025-10-21,Churned
TX_user_0792_0,user_0792,29.0,2025-11-02,Active
TX_user_0792_1,user_0792,29.0,2025-12-02,Active
TX_user_0793_0,user_0793,29.0,2025-04-08,Active
TX_user_0793_1,user_0793,29.0,2025-05-08,Active
TX_user_0793_2,user_0793,29.0,2025-06-07,Active
TX_user_0793_3,user_0793,29.0,2025-07-07,Active
TX_user_0793_4,user_0793,29.0,2025-08-06,Active
TX_user_0793_5,user_0793,29.0,2025-09-05,Active
TX_user_0793_6,user_0793,29.0,2025-10-05,Active
TX_user_0793_7,user_0793,29.0,2025-11-04,Active
TX_user_0793_8,user_0793,29.0,2025-12-04,Active
TX_user_0794_0,user_0794,29.0,2025-12-04,Active
TX_user_0795_0,user_0795,79.0,2025-10-13,Active
TX_user_0795_1,user_0795,79.0,2025-11-12,Active
TX_user_0795_2,user_0795,79.0,2025-12-12,Active
TX_user_0796_0,user_0796,79.0,2025-12-01,Active
TX_user_0796_1,user_0796,79.0,2025-12-31,Active
TX_user_0797_0,user_0797,79.0,2025-12-13,Active
TX_user_0798_0,user_0798,29.0,2025-11-04,Active
TX_user_0798_1,user_0798,29.0,2025-12-04,Active
TX_user_0799_0,user_0799,29.0,2025-09-06,Active
TX_user_0799_1,user_0799,29.0,2025-10-06,Active
TX_user_0799_2,user_0799,29.0,2025-11-05,Active
TX_user_0799_3,user_0799,29.0,2025-12-05,Active
TX_user_0800_0,user_0800,299.0,2025-06-15,Active
TX_user_0800_1,user_0800,299.0,2025-07-15,Active
TX_user_0800_2,user_0800,299.0,2025-08-14,Active
TX_user_0800_3,user_0800,299.0,2025-09-13,Active
TX_user_0800_4,user_0800,299.0,2025-10-13,Active
TX_user_0800_5,user_0800,299.0,2025-11-12,Active
TX_user_0800_6,user_0800,299.0,2025-12-12,Active
TX_user_0801_0,user_0801,79.0,2025-12-01,Active
TX_user_0801_1,user_0801,79.0,2025-12-31,Active
TX_user_0802_0,user_0802,29.0,2025-01-30,Active
TX_user_0802_1,user_0802,29.0,2025-03-01,Active
TX_user_0802_2,user_0802,29.0,2025-03-31,Active
TX_user_0802_3,user_0802,29.0,2025-04-30,Active
TX_user_0802_4,user_0802,29.0,2025-05-30,Active
TX_user_0802_5,user_0802,29.0,2025-06-29,Active
TX_user_0802_6,user_0802,29.0,2025-07-29,Active
TX_user_0802_7,user_0802,29.0,2025-08-28,Active
TX_user_0802_8,user_0802,29.0,2025-09-27,Active
TX_user_0802_9,user_0802,29.0,2025-10-27,Active
TX_user_0802_10,user_0802,29.0,2025-11-26,Active
TX_user_0802_11,user_0802,29.0,2025-12-26,Active
TX_user_0803_0,user_0803,29.0,2025-09-04,Active
TX_user_0803_1,user_0803,29.0,2025-10-04,Active
TX_user_0803_2,user_0803,29.0,2025-11-03,Active
TX_user_0803_3,user_0803,29.0,2025-12-03,Active
TX_user_0804_0,user_0804,29.0,2025-04-16,Active
TX_user_0804_1,user_0804,29.0,2025-05-16,Active
TX_user_0804_2,user_0804,29.0,2025-06-15,Active
TX_user_0804_3,user_0804,29.0,2025-07-15,Active
TX_user_0804_4,user_0804,29.0,2025-08-14,Active
TX_user_0804_5,user_0804,29.0,2025-09-13,Active
TX_user_0804_6,user_0804,29.0,2025-10-13,Active
TX_user_0804_7,user_0804,29.0,2025-11-12,Active
TX_user_0804_8,user_0804,29.0,2025-12-12,Active
TX_user_0805_0,user_0805,29.0,2025-02-20,Active
TX_user_0805_1,user_0805,29.0,2025-03-22,Active
TX_user_0805_2,user_0805,29.0,2025-04-21,Active
TX_user_0805_3,user_0805,29.0,2025-05-21,Active
TX_user_0805_4,user_0805,29.0,2025-06-20,Active
TX_user_0805_5,user_0805,29.0,2025-07-20,Active
TX_user_0805_6,user_0805,29.0,2025-08-19,Active
TX_user_0805_7,user_0805,29.0,2025-09-18,Active
TX_user_0805_8,user_0805,29.0,2025-10-18,Active
TX_user_0805_9,user_0805,29.0,2025-11-17,Active
TX_user_0805_10,user_0805,29.0,2025-12-17,Active
TX_user_0806_0,user_0806,29.0,2025-03-22,Churned
TX_user_0807_0,user_0807,79.0,2025-05-13,Active
TX_user_0807_1,user_0807,79.0,2025-06-12,Active
TX_user_0807_2,user_0807,79.0,2025-07-12,Active
TX_user_0807_3,user_0807,79.0,2025-08-11,Active
TX_user_0807_4,user_0807,79.0,2025-09-10,Churned
TX_user_0808_0,user_0808,79.0,2025-10-12,Active
TX_user_0808_1,user_0808,79.0,2025-11-11,Active
TX_user_0808_2,user_0808,79.0,2025-12-11,Active
TX_user_0809_0,user_0809,79.0,2025-05-18,Active
TX_user_0809_1,user_0809,79.0,2025-06-17,Active
TX_user_0809_2,user_0809,79.0,2025-07-17,Active
TX_user_0809_3,user_0809,79.0,2025-08-16,Active
TX_user_0809_4,user_0809,79.0,2025-09-15,Active
TX_user_0809_5,user_0809,79.0,2025-10-15,Active
TX_user_0809_6,user_0809,79.0,2025-11-14,Active
TX_user_0809_7,user_0809,79.0,2025-12-14,Active
TX_user_0810_0,user_0810,79.0,2025-07-03,Active
TX_user_0810_1,user_0810,79.0,2025-08-02,Active
TX_user_0810_2,user_0810,79.0,2025-09-01,Active
TX_user_0810_3,user_0810,79.0,2025-10-01,Active
TX_user_0810_4,user_0810,79.0,2025-10-31,Active
TX_user_0810_5,user_0810,79.0,2025-11-30,Active
TX_user_0810_6,user_0810,79.0,2025-12-30,Active
TX_user_0811_0,user_0811,79.0,2025-11-26,Active
TX_user_0811_1,user_0811,79.0,2025-12-26,Active
TX_user_0812_0,user_0812,79.0,2025-09-30,Active
TX_user_0812_1,user_0812,79.0,2025-10-30,Active
TX_user_0812_2,user_0812,79.0,2025-11-29,Active
TX_user_0812_3,user_0812,79.0,2025-12-29,Active
TX_user_0813_0,user_0813,299.0,2025-12-06,Active
TX_user_0814_0,user_0814,29.0,2025-03-10,Active
TX_user_0814_1,user_0814,29.0,2025-04-09,Active
TX_user_0814_2,user_0814,29.0,2025-05-09,Churned
TX_user_0815_0,user_0815,29.0,2025-02-03,Active
TX_user_0815_1,user_0815,29.0,2025-03-05,Active
TX_user_0815_2,user_0815,29.0,2025-04-04,Active
TX_user_0815_3,user_0815,29.0,2025-05-04,Active
TX_user_0815_4,user_0815,29.0,2025-06-03,Active
TX_user_0815_5,user_0815,29.0,2025-07-03,Active
TX_user_0815_6,user_0815,29.0,2025-08-02,Active
TX_user_0815_7,user_0815,29.0,2025-09-01,Active
TX_user_0815_8,user_0815,29.0,2025-10-01,Active
TX_user_0815_9,user_0815,29.0,2025-10-31,Active
TX_user_0815_10,user_0815,29.0,2025-11-30,Active
TX_user_0815_11,user_0815,29.0,2025-12-30,Active
TX_user_0816_0,user_0816,29.0,2025-09-19,Active
TX_user_0816_1,user_0816,29.0,2025-10-19,Active
TX_user_0816_2,user_0816,29.0,2025-11-18,Active
TX_user_0816_3,user_0816,29.0,2025-12-18,Active
TX_user_0817_0,user_0817,79.0,2025-02-22,Active
TX_user_0817_1,user_0817,79.0,2025-03-24,Active
TX_user_0817_2,user_0817,79.0,2025-04-23,Active
TX_user_0817_3,user_0817,79.0,2025-05-23,Active
TX_user_0817_4,user_0817,79.0,2025-06-22,Active
TX_user_0817_5,user_0817,79.0,2025-07-22,Active
TX_user_0817_6,user_0817,79.0,2025-08-21,Active
TX_user_0817_7,user_0817,79.0,2025-09-20,Active
TX_user_0817_8,user_0817,79.0,2025-10-20,Active
TX_user_0817_9,user_0817,79.0,2025-11-19,Active
TX_user_0817_10,user_0817,79.0,2025-12-19,Active
TX_user_0818_0,user_0818,299.0,2025-07-24,Active
TX_user_0818_1,user_0818,299.0,2025-08-23,Active
TX_user_0818_2,user_0818,299.0,2025-09-22,Active
TX_user_0818_3,user_0818,299.0,2025-10-22,Active
TX_user_0818_4,user_0818,299.0,2025-11-21,Active
TX_user_0818_5,user_0818,299.0,2025-12-21,Active
TX_user_0819_0,user_0819,29.0,2025-05-06,Active
TX_user_0819_1,user_0819,29.0,2025-06-05,Active
TX_user_0819_2,user_0819,29.0,2025-07-05,Active
TX_user_0819_3,user_0819,29.0,2025-08-04,Active
TX_user_0819_4,user_0819,29.0,2025-09-03,Active
TX_user_0819_5,user_0819,29.0,2025-10-03,Active
TX_user_0819_6,user_0819,29.0,2025-11-02,Active
TX_user_0819_7,user_0819,29.0,2025-12-02,Active
TX_user_0820_0,user_0820,299.0,2025-08-23,Active
TX_user_0820_1,user_0820,299.0,2025-09-22,Active
TX_user_0820_2,user_0820,299.0,2025-10-22,Active
TX_user_0820_3,user_0820,299.0,2025-11-21,Churned
TX_user_0821_0,user_0821,29.0,2025-02-12,Active
TX_user_0821_1,user_0821,29.0,2025-03-14,Active
TX_user_0821_2,user_0821,29.0,2025-04-13,Active
TX_user_0821_3,user_0821,29.0,2025-05-13,Active
TX_user_0821_4,user_0821,29.0,2025-06-12,Active
TX_user_0821_5,user_0821,29.0,2025-07-12,Active
TX_user_0821_6,user_0821,29.0,2025-08-11,Active
TX_user_0821_7,user_0821,29.0,2025-09-10,Active
TX_user_0821_8,user_0821,29.0,2025-10-10,Active
TX_user_0821_9,user_0821,29.0,2025-11-09,Active
TX_user_0821_10,user_0821,29.0,2025-12-09,Active
TX_user_0822_0,user_0822,299.0,2025-08-28,Active
TX_user_0822_1,user_0822,299.0,2025-09-27,Active
TX_user_0822_2,user_0822,299.0,2025-10-27,Active
TX_user_0822_3,user_0822,299.0,2025-11-26,Active
TX_user_0822_4,user_0822,299.0,2025-12-26,Active
TX_user_0823_0,user_0823,29.0,2025-04-21,Active
TX_user_0823_1,user_0823,29.0,2025-05-21,Active
TX_user_0823_2,user_0823,29.0,2025-06-20,Active
TX_user_0823_3,user_0823,29.0,2025-07-20,Active
TX_user_0823_4,user_0823,29.0,2025-08-19,Active
TX_user_0823_5,user_0823,29.0,2025-09-18,Active
TX_user_0823_6,user_0823,29.0,2025-10-18,Active
TX_user_0823_7,user_0823,29.0,2025-11-17,Active
TX_user_0823_8,user_0823,29.0,2025-12-17,Active
TX_user_0824_0,user_0824,29.0,2025-09-06,Active
TX_user_0824_1,user_0824,29.0,2025-10-06,Active
TX_user_0824_2,user_0824,29.0,2025-11-05,Active
TX_user_0824_3,user_0824,29.0,2025-12-05,Active
TX_user_0825_0,user_0825,29.0,2025-05-31,Active
TX_user_0825_1,user_0825,29.0,2025-06-30,Active
TX_user_0825_2,user_0825,29.0,2025-07-30,Active
TX_user_0825_3,user_0825,29.0,2025-08-29,Active
TX_user_0825_4,user_0825,29.0,2025-09-28,Active
TX_user_0825_5,user_0825,29.0,2025-10-28,Active
TX_user_0825_6,user_0825,29.0,2025-11-27,Active
TX_user_0825_7,user_0825,29.0,2025-12-27,Active
TX_user_0826_0,user_0826,29.0,2025-07-02,Active
TX_user_0826_1,user_0826,29.0,2025-08-01,Active
TX_user_0826_2,user_0826,29.0,2025-08-31,Active
TX_user_0826_3,user_0826,29.0,2025-09-30,Active
TX_user_0826_4,user_0826,29.0,2025-10-30,Active
TX_user_0826_5,user_0826,29.0,2025-11-29,Active
TX_user_0826_6,user_0826,29.0,2025-12-29,Active
TX_user_0827_0,user_0827,29.0,2025-12-02,Active
TX_user_0828_0,user_0828,29.0,2025-04-05,Active
TX_user_0828_1,user_0828,29.0,2025-05-05,Active
TX_user_0828_2,user_0828,29.0,2025-06-04,Churned
TX_user_0829_0,user_0829,79.0,2025-01-08,Active
TX_user_0829_1,user_0829,79.0,2025-02-07,Active
TX_user_0829_2,user_0829,79.0,2025-03-09,Active
TX_user_0829_3,user_0829,79.0,2025-04-08,Active
TX_user_0829_4,user_0829,79.0,2025-05-08,Active
TX_user_0829_5,user_0829,79.0,2025-06-07,Active
TX_user_0829_6,user_0829,79.0,2025-07-07,Active
TX_user_0829_7,user_0829,79.0,2025-08-06,Active
TX_user_0829_8,user_0829,79.0,2025-09-05,Active
TX_user_0829_9,user_0829,79.0,2025-10-05,Active
TX_user_0829_10,user_0829,79.0,2025-11-04,Active
TX_user_0829_11,user_0829,79.0,2025-12-04,Active
TX_user_0830_0,user_0830,79.0,2025-12-26,Active
TX_user_0831_0,user_0831,29.0,2025-07-03,Active
TX_user_0831_1,user_0831,29.0,2025-08-02,Active
TX_user_0831_2,user_0831,29.0,2025-09-01,Active
TX_user_0831_3,user_0831,29.0,2025-10-01,Active
TX_user_0831_4,user_0831,29.0,2025-10-31,Active
TX_user_0831_5,user_0831,29.0,2025-11-30,Churned
TX_user_0832_0,user_0832,79.0,2025-10-08,Active
TX_user_0832_1,user_0832,79.0,2025-11-07,Active
TX_user_0832_2,user_0832,79.0,2025-12-07,Active
TX_user_0833_0,user_0833,79.0,2025-07-14,Active
TX_user_0833_1,user_0833,79.0,2025-08-13,Active
TX_user_0833_2,user_0833,79.0,2025-09-12,Active
TX_user_0833_3,user_0833,79.0,2025-10-12,Active
TX_user_0833_4,user_0833,79.0,2025-11-11,Active
TX_user_0833_5,user_0833,79.0,2025-12-11,Active
TX_user_0834_0,user_0834,29.0,2025-12-18,Active
TX_user_0835_0,user_0835,29.0,2025-07-14,Active
TX_user_0835_1,user_0835,29.0,2025-08-13,Active
TX_user_0835_2,user_0835,29.0,2025-09-12,Active
TX_user_0835_3,user_0835,29.0,2025-10-12,Active
TX_user_0835_4,user_0835,29.0,2025-11-11,Active
TX_user_0835_5,user_0835,29.0,2025-12-11,Active
TX_user_0836_0,user_0836,29.0,2025-06-04,Active
TX_user_0836_1,user_0836,29.0,2025-07-04,Active
TX_user_0836_2,user_0836,29.0,2025-08-03,Active
TX_user_0836_3,user_0836,29.0,2025-09-02,Active
TX_user_0836_4,user_0836,29.0,2025-10-02,Active
TX_user_0836_5,user_0836,29.0,2025-11-01,Active
TX_user_0836_6,user_0836,29.0,2025-12-01,Active
TX_user_0836_7,user_0836,29.0,2025-12-31,Active
TX_user_0837_0,user_0837,29.0,2025-04-03,Active
TX_user_0837_1,user_0837,29.0,2025-05-03,Active
TX_user_0837_2,user_0837,29.0,2025-06-02,Active
TX_user_0837_3,user_0837,29.0,2025-07-02,Active
TX_user_0837_4,user_0837,29.0,2025-08-01,Active
TX_user_0837_5,user_0837,29.0,2025-08-31,Active
TX_user_0837_6,user_0837,29.0,2025-09-30,Active
TX_user_0837_7,user_0837,29.0,2025-10-30,Active
TX_user_0837_8,user_0837,29.0,2025-11-29,Active
TX_user_0837_9,user_0837,29.0,2025-12-29,Active
TX_user_0838_0,user_0838,79.0,2025-06-09,Active
TX_user_0838_1,user_0838,79.0,2025-07-09,Active
TX_user_0838_2,user_0838,79.0,2025-08-08,Active
TX_user_0838_3,user_0838,79.0,2025-09-07,Active
TX_user_0838_4,user_0838,79.0,2025-10-07,Active
TX_user_0838_5,user_0838,79.0,2025-11-06,Active
TX_user_0838_6,user_0838,79.0,2025-12-06,Active
TX_user_0839_0,user_0839,29.0,2025-03-02,Active
TX_user_0839_1,user_0839,29.0,2025-04-01,Active
TX_user_0839_2,user_0839,29.0,2025-05-01,Active
TX_user_0839_3,user_0839,29.0,2025-05-31,Active
TX_user_0839_4,user_0839,29.0,2025-06-30,Active
TX_user_0839_5,user_0839,29.0,2025-07-30,Active
TX_user_0839_6,user_0839,29.0,2025-08-29,Churned
TX_user_0840_0,user_0840,79.0,2025-05-02,Active
TX_user_0840_1,user_0840,79.0,2025-06-01,Active
TX_user_0840_2,user_0840,79.0,2025-07-01,Active
TX_user_0840_3,user_0840,79.0,2025-07-31,Active
TX_user_0840_4,user_0840,79.0,2025-08-30,Active
TX_user_0840_5,user_0840,79.0,2025-09-29,Active
TX_user_0840_6,user_0840,79.0,2025-10-29,Active
TX_user_0840_7,user_0840,79.0,2025-11-28,Active
TX_user_0840_8,user_0840,79.0,2025-12-28,Active
TX_user_0841_0,user_0841,79.0,2025-02-20,Active
TX_user_0841_1,user_0841,79.0,2025-03-22,Active
TX_user_0841_2,user_0841,79.0,2025-04-21,Active
TX_user_0841_3,user_0841,79.0,2025-05-21,Active
TX_user_0841_4,user_0841,79.0,2025-06-20,Active
TX_user_0841_5,user_0841,79.0,2025-07-20,Active
TX_user_0841_6,user_0841,79.0,2025-08-19,Active
TX_user_0841_7,user_0841,79.0,2025-09-18,Active
TX_user_0841_8,user_0841,79.0,2025-10-18,Active
TX_user_0841_9,user_0841,79.0,2025-11-17,Active
TX_user_0841_10,user_0841,79.0,2025-12-17,Active
TX_user_0842_0,user_0842,29.0,2025-10-04,Active
TX_user_0842_1,user_0842,29.0,2025-11-03,Churned
TX_user_0843_0,user_0843,79.0,2025-01-05,Active
TX_user_0843_1,user_0843,79.0,2025-02-04,Active
TX_user_0843_2,user_0843,79.0,2025-03-06,Active
TX_user_0843_3,user_0843,79.0,2025-04-05,Active
TX_user_0843_4,user_0843,79.0,2025-05-05,Active
TX_user_0843_5,user_0843,79.0,2025-06-04,Active
TX_user_0843_6,user_0843,79.0,2025-07-04,Active
TX_user_0843_7,user_0843,79.0,2025-08-03,Active
TX_user_0843_8,user_0843,79.0,2025-09-02,Active
TX_user_0843_9,user_0843,79.0,2025-10-02,Active
TX_user_0843_10,user_0843,79.0,2025-11-01,Active
TX_user_0843_11,user_0843,79.0,2025-12-01,Active
TX_user_0844_0,user_0844,29.0,2025-04-02,Active
TX_user_0844_1,user_0844,29.0,2025-05-02,Active
TX_user_0844_2,user_0844,29.0,2025-06-01,Active
TX_user_0844_3,user_0844,29.0,2025-07-01,Active
TX_user_0844_4,user_0844,29.0,2025-07-31,Active
TX_user_0844_5,user_0844,29.0,2025-08-30,Active
TX_user_0844_6,user_0844,29.0,2025-09-29,Active
TX_user_0844_7,user_0844,29.0,2025-10-29,Active
TX_user_0844_8,user_0844,29.0,2025-11-28,Active
TX_user_0844_9,user_0844,29.0,2025-12-28,Active
TX_user_0845_0,user_0845,299.0,2025-06-19,Active
TX_user_0845_1,user_0845,299.0,2025-07-19,Active
TX_user_0845_2,user_0845,299.0,2025-08-18,Active
TX_user_0845_3,user_0845,299.0,2025-09-17,Active
TX_user_0845_4,user_0845,299.0,2025-10-17,Active
TX_user_0845_5,user_0845,299.0,2025-11-16,Active
TX_user_0845_6,user_0845,299.0,2025-12-16,Active
TX_user_0846_0,user_0846,29.0,2025-11-13,Active
TX_user_0846_1,user_0846,29.0,2025-12-13,Active
TX_user_0847_0,user_0847,79.0,2025-01-22,Active
TX_user_0847_1,user_0847,79.0,2025-02-21,Active
TX_user_0847_2,user_0847,79.0,2025-03-23,Active
TX_user_0847_3,user_0847,79.0,2025-04-22,Active
TX_user_0847_4,user_0847,79.0,2025-05-22,Active
TX_user_0847_5,user_0847,79.0,2025-06-21,Active
TX_user_0847_6,user_0847,79.0,2025-07-21,Active
TX_user_0847_7,user_0847,79.0,2025-08-20,Active
TX_user_0847_8,user_0847,79.0,2025-09-19,Active
TX_user_0847_9,user_0847,79.0,2025-10-19,Active
TX_user_0847_10,user_0847,79.0,2025-11-18,Active
TX_user_0847_11,user_0847,79.0,2025-12-18,Active
TX_user_0848_0,user_0848,79.0,2025-11-22,Active
TX_user_0848_1,user_0848,79.0,2025-12-22,Active
TX_user_0849_0,user_0849,29.0,2025-01-01,Active
TX_user_0849_1,user_0849,29.0,2025-01-31,Active
TX_user_0849_2,user_0849,29.0,2025-03-02,Active
TX_user_0849_3,user_0849,29.0,2025-04-01,Active
TX_user_0849_4,user_0849,29.0,2025-05-01,Active
TX_user_0849_5,user_0849,29.0,2025-05-31,Active
TX_user_0849_6,user_0849,29.0,2025-06-30,Active
TX_user_0849_7,user_0849,29.0,2025-07-30,Active
TX_user_0849_8,user_0849,29.0,2025-08-29,Active
TX_user_0849_9,user_0849,29.0,2025-09-28,Active
TX_user_0849_10,user_0849,29.0,2025-10-28,Active
TX_user_0849_11,user_0849,29.0,2025-11-27,Active
TX_user_0850_0,user_0850,79.0,2025-05-13,Active
TX_user_0850_1,user_0850,79.0,2025-06-12,Active
TX_user_0850_2,user_0850,79.0,2025-07-12,Active
TX_user_0850_3,user_0850,79.0,2025-08-11,Active
TX_user_0850_4,user_0850,79.0,2025-09-10,Active
TX_user_0850_5,user_0850,79.0,2025-10-10,Active
TX_user_0850_6,user_0850,79.0,2025-11-09,Active
TX_user_0850_7,user_0850,79.0,2025-12-09,Active
TX_user_0851_0,user_0851,299.0,2025-08-21,Active
TX_user_0851_1,user_0851,299.0,2025-09-20,Active
TX_user_0851_2,user_0851,299.0,2025-10-20,Active
TX_user_0851_3,user_0851,299.0,2025-11-19,Active
TX_user_0851_4,user_0851,299.0,2025-12-19,Active
TX_user_0852_0,user_0852,79.0,2025-01-12,Active
TX_user_0852_1,user_0852,79.0,2025-02-11,Active
TX_user_0852_2,user_0852,79.0,2025-03-13,Active
TX_user_0852_3,user_0852,79.0,2025-04-12,Active
TX_user_0852_4,user_0852,79.0,2025-05-12,Active
TX_user_0852_5,user_0852,79.0,2025-06-11,Active
TX_user_0852_6,user_0852,79.0,2025-07-11,Active
TX_user_0852_7,user_0852,79.0,2025-08-10,Active
TX_user_0852_8,user_0852,79.0,2025-09-09,Active
TX_user_0852_9,user_0852,79.0,2025-10-09,Active
TX_user_0852_10,user_0852,79.0,2025-11-08,Active
TX_user_0852_11,user_0852,79.0,2025-12-08,Active
TX_user_0853_0,user_0853,79.0,2025-12-12,Active
TX_user_0854_0,user_0854,299.0,2025-02-15,Active
TX_user_0854_1,user_0854,299.0,2025-03-17,Active
TX_user_0854_2,user_0854,299.0,2025-04-16,Active
TX_user_0854_3,user_0854,299.0,2025-05-16,Active
TX_user_0854_4,user_0854,299.0,2025-06-15,Active
TX_user_0854_5,user_0854,299.0,2025-07-15,Active
TX_user_0854_6,user_0854,299.0,2025-08-14,Active
TX_user_0854_7,user_0854,299.0,2025-09-13,Active
TX_user_0854_8,user_0854,299.0,2025-10-13,Active
TX_user_0854_9,user_0854,299.0,2025-11-12,Active
TX_user_0854_10,user_0854,299.0,2025-12-12,Active
TX_user_0855_0,user_0855,29.0,2025-02-03,Active
TX_user_0855_1,user_0855,29.0,2025-03-05,Active
TX_user_0855_2,user_0855,29.0,2025-04-04,Active
TX_user_0855_3,user_0855,29.0,2025-05-04,Active
TX_user_0855_4,user_0855,29.0,2025-06-03,Active
TX_user_0855_5,user_0855,29.0,2025-07-03,Active
TX_user_0855_6,user_0855,29.0,2025-08-02,Active
TX_user_0855_7,user_0855,29.0,2025-09-01,Active
TX_user_0855_8,user_0855,29.0,2025-10-01,Active
TX_user_0855_9,user_0855,29.0,2025-10-31,Active
TX_user_0855_10,user_0855,29.0,2025-11-30,Active
TX_user_0855_11,user_0855,29.0,2025-12-30,Active
TX_user_0856_0,user_0856,29.0,2025-03-19,Active
TX_user_0856_1,user_0856,29.0,2025-04-18,Active
TX_user_0856_2,user_0856,29.0,2025-05-18,Active
TX_user_0856_3,user_0856,29.0,2025-06-17,Active
TX_user_0856_4,user_0856,29.0,2025-07-17,Active
TX_user_0856_5,user_0856,29.0,2025-08-16,Active
TX_user_0856_6,user_0856,29.0,2025-09-15,Active
TX_user_0856_7,user_0856,29.0,2025-10-15,Active
TX_user_0856_8,user_0856,29.0,2025-11-14,Active
TX_user_0856_9,user_0856,29.0,2025-12-14,Active
TX_user_0857_0,user_0857,79.0,2025-08-06,Active
TX_user_0857_1,user_0857,79.0,2025-09-05,Churned
TX_user_0858_0,user_0858,29.0,2025-10-28,Active
TX_user_0858_1,user_0858,29.0,2025-11-27,Churned
TX_user_0859_0,user_0859,79.0,2025-03-14,Active
TX_user_0859_1,user_0859,79.0,2025-04-13,Active
TX_user_0859_2,user_0859,79.0,2025-05-13,Active
TX_user_0859_3,user_0859,79.0,2025-06-12,Active
TX_user_0859_4,user_0859,79.0,2025-07-12,Active
TX_user_0859_5,user_0859,79.0,2025-08-11,Active
TX_user_0859_6,user_0859,79.0,2025-09-10,Active
TX_user_0859_7,user_0859,79.0,2025-10-10,Active
TX_user_0859_8,user_0859,79.0,2025-11-09,Active
TX_user_0859_9,user_0859,79.0,2025-12-09,Active
TX_user_0860_0,user_0860,299.0,2025-10-09,Active
TX_user_0860_1,user_0860,299.0,2025-11-08,Active
TX_user_0860_2,user_0860,299.0,2025-12-08,Active
TX_user_0861_0,user_0861,29.0,2025-09-06,Active
TX_user_0861_1,user_0861,29.0,2025-10-06,Active
TX_user_0861_2,user_0861,29.0,2025-11-05,Active
TX_user_0861_3,user_0861,29.0,2025-12-05,Active
TX_user_0862_0,user_0862,29.0,2025-02-16,Active
TX_user_0862_1,user_0862,29.0,2025-03-18,Active
TX_user_0862_2,user_0862,29.0,2025-04-17,Active
TX_user_0862_3,user_0862,29.0,2025-05-17,Active
TX_user_0862_4,user_0862,29.0,2025-06-16,Active
TX_user_0862_5,user_0862,29.0,2025-07-16,Active
TX_user_0862_6,user_0862,29.0,2025-08-15,Active
TX_user_0862_7,user_0862,29.0,2025-09-14,Active
TX_user_0862_8,user_0862,29.0,2025-10-14,Active
TX_user_0862_9,user_0862,29.0,2025-11-13,Active
TX_user_0862_10,user_0862,29.0,2025-12-13,Active
TX_user_0863_0,user_0863,79.0,2025-05-01,Active
TX_user_0863_1,user_0863,79.0,2025-05-31,Active
TX_user_0863_2,user_0863,79.0,2025-06-30,Active
TX_user_0863_3,user_0863,79.0,2025-07-30,Active
TX_user_0863_4,user_0863,79.0,2025-08-29,Active
TX_user_0863_5,user_0863,79.0,2025-09-28,Active
TX_user_0863_6,user_0863,79.0,2025-10-28,Active
TX_user_0863_7,user_0863,79.0,2025-11-27,Active
TX_user_0863_8,user_0863,79.0,2025-12-27,Active
TX_user_0864_0,user_0864,29.0,2025-08-02,Active
TX_user_0864_1,user_0864,29.0,2025-09-01,Active
TX_user_0864_2,user_0864,29.0,2025-10-01,Active
TX_user_0864_3,user_0864,29.0,2025-10-31,Active
TX_user_0864_4,user_0864,29.0,2025-11-30,Active
TX_user_0864_5,user_0864,29.0,2025-12-30,Active
TX_user_0865_0,user_0865,79.0,2025-08-27,Active
TX_user_0865_1,user_0865,79.0,2025-09-26,Active
TX_user_0865_2,user_0865,79.0,2025-10-26,Active
TX_user_0865_3,user_0865,79.0,2025-11-25,Active
TX_user_0865_4,user_0865,79.0,2025-12-25,Active
TX_user_0866_0,user_0866,29.0,2025-02-25,Active
TX_user_0866_1,user_0866,29.0,2025-03-27,Active
TX_user_0866_2,user_0866,29.0,2025-04-26,Active
TX_user_0866_3,user_0866,29.0,2025-05-26,Active
TX_user_0866_4,user_0866,29.0,2025-06-25,Active
TX_user_0866_5,user_0866,29.0,2025-07-25,Active
TX_user_0866_6,user_0866,29.0,2025-08-24,Active
TX_user_0866_7,user_0866,29.0,2025-09-23,Active
TX_user_0866_8,user_0866,29.0,2025-10-23,Active
TX_user_0866_9,user_0866,29.0,2025-11-22,Active
TX_user_0866_10,user_0866,29.0,2025-12-22,Active
TX_user_0867_0,user_0867,79.0,2025-12-16,Active
TX_user_0868_0,user_0868,29.0,2025-04-17,Active
TX_user_0868_1,user_0868,29.0,2025-05-17,Active
TX_user_0868_2,user_0868,29.0,2025-06-16,Active
TX_user_0868_3,user_0868,29.0,2025-07-16,Active
TX_user_0868_4,user_0868,29.0,2025-08-15,Active
TX_user_0868_5,user_0868,29.0,2025-09-14,Active
TX_user_0868_6,user_0868,29.0,2025-10-14,Active
TX_user_0868_7,user_0868,29.0,2025-11-13,Active
TX_user_0868_8,user_0868,29.0,2025-12-13,Active
TX_user_0869_0,user_0869,79.0,2025-11-15,Active
TX_user_0869_1,user_0869,79.0,2025-12-15,Active
TX_user_0870_0,user_0870,29.0,2025-02-17,Active
TX_user_0870_1,user_0870,29.0,2025-03-19,Active
TX_user_0870_2,user_0870,29.0,2025-04-18,Active
TX_user_0870_3,user_0870,29.0,2025-05-18,Active
TX_user_0870_4,user_0870,29.0,2025-06-17,Active
TX_user_0870_5,user_0870,29.0,2025-07-17,Active
TX_user_0870_6,user_0870,29.0,2025-08-16,Active
TX_user_0870_7,user_0870,29.0,2025-09-15,Active
TX_user_0870_8,user_0870,29.0,2025-10-15,Active
TX_user_0870_9,user_0870,29.0,2025-11-14,Active
TX_user_0870_10,user_0870,29.0,2025-12-14,Active
TX_user_0871_0,user_0871,79.0,2025-03-02,Churned
TX_user_0872_0,user_0872,29.0,2025-12-03,Active
TX_user_0873_0,user_0873,79.0,2025-01-26,Active
TX_user_0873_1,user_0873,79.0,2025-02-25,Active
TX_user_0873_2,user_0873,79.0,2025-03-27,Active
TX_user_0873_3,user_0873,79.0,2025-04-26,Active
TX_user_0873_4,user_0873,79.0,2025-05-26,Active
TX_user_0873_5,user_0873,79.0,2025-06-25,Active
TX_user_0873_6,user_0873,79.0,2025-07-25,Active
TX_user_0873_7,user_0873,79.0,2025-08-24,Active
TX_user_0873_8,user_0873,79.0,2025-09-23,Active
TX_user_0873_9,user_0873,79.0,2025-10-23,Active
TX_user_0873_10,user_0873,79.0,2025-11-22,Active
TX_user_0873_11,user_0873,79.0,2025-12-22,Active
TX_user_0874_0,user_0874,299.0,2025-10-19,Active
TX_user_0874_1,user_0874,299.0,2025-11-18,Active
TX_user_0874_2,user_0874,299.0,2025-12-18,Active
TX_user_0875_0,user_0875,29.0,2025-09-14,Active
TX_user_0875_1,user_0875,29.0,2025-10-14,Active
TX_user_0875_2,user_0875,29.0,2025-11-13,Active
TX_user_0875_3,user_0875,29.0,2025-12-13,Active
TX_user_0876_0,user_0876,29.0,2025-01-08,Active
TX_user_0876_1,user_0876,29.0,2025-02-07,Active
TX_user_0876_2,user_0876,29.0,2025-03-09,Active
TX_user_0876_3,user_0876,29.0,2025-04-08,Active
TX_user_0876_4,user_0876,29.0,2025-05-08,Active
TX_user_0876_5,user_0876,29.0,2025-06-07,Active
TX_user_0876_6,user_0876,29.0,2025-07-07,Active
TX_user_0876_7,user_0876,29.0,2025-08-06,Active
TX_user_0876_8,user_0876,29.0,2025-09-05,Active
TX_user_0876_9,user_0876,29.0,2025-10-05,Active
TX_user_0876_10,user_0876,29.0,2025-11-04,Active
TX_user_0876_11,user_0876,29.0,2025-12-04,Active
TX_user_0877_0,user_0877,29.0,2025-04-23,Active
TX_user_0877_1,user_0877,29.0,2025-05-23,Active
TX_user_0877_2,user_0877,29.0,2025-06-22,Active
TX_user_0877_3,user_0877,29.0,2025-07-22,Active
TX_user_0877_4,user_0877,29.0,2025-08-21,Active
TX_user_0877_5,user_0877,29.0,2025-09-20,Active
TX_user_0877_6,user_0877,29.0,2025-10-20,Active
TX_user_0877_7,user_0877,29.0,2025-11-19,Active
TX_user_0877_8,user_0877,29.0,2025-12-19,Active
TX_user_0878_0,user_0878,79.0,2025-12-21,Active
TX_user_0879_0,user_0879,79.0,2025-09-10,Active
TX_user_0879_1,user_0879,79.0,2025-10-10,Active
TX_user_0879_2,user_0879,79.0,2025-11-09,Active
TX_user_0879_3,user_0879,79.0,2025-12-09,Active
TX_user_0880_0,user_0880,79.0,2025-06-29,Active
TX_user_0880_1,user_0880,79.0,2025-07-29,Active
TX_user_0880_2,user_0880,79.0,2025-08-28,Active
TX_user_0880_3,user_0880,79.0,2025-09-27,Active
TX_user_0880_4,user_0880,79.0,2025-10-27,Active
TX_user_0880_5,user_0880,79.0,2025-11-26,Active
TX_user_0880_6,user_0880,79.0,2025-12-26,Active
TX_user_0881_0,user_0881,29.0,2025-07-26,Active
TX_user_0881_1,user_0881,29.0,2025-08-25,Active
TX_user_0881_2,user_0881,29.0,2025-09-24,Active
TX_user_0881_3,user_0881,29.0,2025-10-24,Active
TX_user_0881_4,user_0881,29.0,2025-11-23,Churned
TX_user_0882_0,user_0882,29.0,2025-10-30,Active
TX_user_0882_1,user_0882,29.0,2025-11-29,Active
TX_user_0882_2,user_0882,29.0,2025-12-29,Active
TX_user_0883_0,user_0883,79.0,2025-05-07,Active
TX_user_0883_1,user_0883,79.0,2025-06-06,Active
TX_user_0883_2,user_0883,79.0,2025-07-06,Active
TX_user_0883_3,user_0883,79.0,2025-08-05,Active
TX_user_0883_4,user_0883,79.0,2025-09-04,Active
TX_user_0883_5,user_0883,79.0,2025-10-04,Active
TX_user_0883_6,user_0883,79.0,2025-11-03,Active
TX_user_0883_7,user_0883,79.0,2025-12-03,Active
TX_user_0884_0,user_0884,29.0,2025-02-25,Active
TX_user_0884_1,user_0884,29.0,2025-03-27,Active
TX_user_0884_2,user_0884,29.0,2025-04-26,Active
TX_user_0884_3,user_0884,29.0,2025-05-26,Active
TX_user_0884_4,user_0884,29.0,2025-06-25,Active
TX_user_0884_5,user_0884,29.0,2025-07-25,Active
TX_user_0884_6,user_0884,29.0,2025-08-24,Active
TX_user_0884_7,user_0884,29.0,2025-09-23,Active
TX_user_0884_8,user_0884,29.0,2025-10-23,Active
TX_user_0884_9,user_0884,29.0,2025-11-22,Active
TX_user_0884_10,user_0884,29.0,2025-12-22,Active
TX_user_0885_0,user_0885,299.0,2025-08-02,Active
TX_user_0885_1,user_0885,299.0,2025-09-01,Active
TX_user_0885_2,user_0885,299.0,2025-10-01,Active
TX_user_0885_3,user_0885,299.0,2025-10-31,Active
TX_user_0885_4,user_0885,299.0,2025-11-30,Active
TX_user_0885_5,user_0885,299.0,2025-12-30,Active
TX_user_0886_0,user_0886,29.0,2025-01-14,Active
TX_user_0886_1,user_0886,29.0,2025-02-13,Active
TX_user_0886_2,user_0886,29.0,2025-03-15,Active
TX_user_0886_3,user_0886,29.0,2025-04-14,Active
TX_user_0886_4,user_0886,29.0,2025-05-14,Active
TX_user_0886_5,user_0886,29.0,2025-06-13,Active
TX_user_0886_6,user_0886,29.0,2025-07-13,Active
TX_user_0886_7,user_0886,29.0,2025-08-12,Active
TX_user_0886_8,user_0886,29.0,2025-09-11,Active
TX_user_0886_9,user_0886,29.0,2025-10-11,Churned
TX_user_0887_0,user_0887,79.0,2025-01-28,Active
TX_user_0887_1,user_0887,79.0,2025-02-27,Active
TX_user_0887_2,user_0887,79.0,2025-03-29,Churned
TX_user_0888_0,user_0888,29.0,2025-03-19,Active
TX_user_0888_1,user_0888,29.0,2025-04-18,Active
TX_user_0888_2,user_0888,29.0,2025-05-18,Active
TX_user_0888_3,user_0888,29.0,2025-06-17,Active
TX_user_0888_4,user_0888,29.0,2025-07-17,Active
TX_user_0888_5,user_0888,29.0,2025-08-16,Active
TX_user_0888_6,user_0888,29.0,2025-09-15,Active
TX_user_0888_7,user_0888,29.0,2025-10-15,Active
TX_user_0888_8,user_0888,29.0,2025-11-14,Active
TX_user_0888_9,user_0888,29.0,2025-12-14,Active
TX_user_0889_0,user_0889,29.0,2025-08-04,Active
TX_user_0889_1,user_0889,29.0,2025-09-03,Active
TX_user_0889_2,user_0889,29.0,2025-10-03,Active
TX_user_0889_3,user_0889,29.0,2025-11-02,Active
TX_user_0889_4,user_0889,29.0,2025-12-02,Active
TX_user_0890_0,user_0890,79.0,2025-12-31,Active
TX_user_0891_0,user_0891,79.0,2025-06-03,Active
TX_user_0891_1,user_0891,79.0,2025-07-03,Active
TX_user_0891_2,user_0891,79.0,2025-08-02,Active
TX_user_0891_3,user_0891,79.0,2025-09-01,Active
TX_user_0891_4,user_0891,79.0,2025-10-01,Active
TX_user_0891_5,user_0891,79.0,2025-10-31,Active
TX_user_0891_6,user_0891,79.0,2025-11-30,Active
TX_user_0891_7,user_0891,79.0,2025-12-30,Active
TX_user_0892_0,user_0892,299.0,2025-01-14,Active
TX_user_0892_1,user_0892,299.0,2025-02-13,Active
TX_user_0892_2,user_0892,299.0,2025-03-15,Active
TX_user_0892_3,user_0892,299.0,2025-04-14,Active
TX_user_0892_4,user_0892,299.0,2025-05-14,Active
TX_user_0892_5,user_0892,299.0,2025-06-13,Active
TX_user_0892_6,user_0892,299.0,2025-07-13,Active
TX_user_0892_7,user_0892,299.0,2025-08-12,Active
TX_user_0892_8,user_0892,299.0,2025-09-11,Active
TX_user_0892_9,user_0892,299.0,2025-10-11,Active
TX_user_0892_10,user_0892,299.0,2025-11-10,Active
TX_user_0892_11,user_0892,299.0,2025-12-10,Active
TX_user_0893_0,user_0893,29.0,2025-07-06,Churned
TX_user_0894_0,user_0894,29.0,2025-11-08,Active
TX_user_0894_1,user_0894,29.0,2025-12-08,Active
TX_user_0895_0,user_0895,79.0,2025-01-07,Active
TX_user_0895_1,user_0895,79.0,2025-02-06,Active
TX_user_0895_2,user_0895,79.0,2025-03-08,Active
TX_user_0895_3,user_0895,79.0,2025-04-07,Active
TX_user_0895_4,user_0895,79.0,2025-05-07,Active
TX_user_0895_5,user_0895,79.0,2025-06-06,Active
TX_user_0895_6,user_0895,79.0,2025-07-06,Active
TX_user_0895_7,user_0895,79.0,2025-08-05,Active
TX_user_0895_8,user_0895,79.0,2025-09-04,Active
TX_user_0895_9,user_0895,79.0,2025-10-04,Active
TX_user_0895_10,user_0895,79.0,2025-11-03,Active
TX_user_0895_11,user_0895,79.0,2025-12-03,Active
TX_user_0896_0,user_0896,79.0,2025-01-03,Active
TX_user_0896_1,user_0896,79.0,2025-02-02,Active
TX_user_0896_2,user_0896,79.0,2025-03-04,Active
TX_user_0896_3,user_0896,79.0,2025-04-03,Active
TX_user_0896_4,user_0896,79.0,2025-05-03,Active
TX_user_0896_5,user_0896,79.0,2025-06-02,Active
TX_user_0896_6,user_0896,79.0,2025-07-02,Active
TX_user_0896_7,user_0896,79.0,2025-08-01,Active
TX_user_0896_8,user_0896,79.0,2025-08-31,Active
TX_user_0896_9,user_0896,79.0,2025-09-30,Active
TX_user_0896_10,user_0896,79.0,2025-10-30,Active
TX_user_0896_11,user_0896,79.0,2025-11-29,Active
TX_user_0897_0,user_0897,29.0,2025-04-21,Active
TX_user_0897_1,user_0897,29.0,2025-05-21,Active
TX_user_0897_2,user_0897,29.0,2025-06-20,Active
TX_user_0897_3,user_0897,29.0,2025-07-20,Active
TX_user_0897_4,user_0897,29.0,2025-08-19,Active
TX_user_0897_5,user_0897,29.0,2025-09-18,Active
TX_user_0897_6,user_0897,29.0,2025-10-18,Active
TX_user_0897_7,user_0897,29.0,2025-11-17,Churned
TX_user_0898_0,user_0898,29.0,2025-08-26,Active
TX_user_0898_1,user_0898,29.0,2025-09-25,Active
TX_user_0898_2,user_0898,29.0,2025-10-25,Active
TX_user_0898_3,user_0898,29.0,2025-11-24,Active
TX_user_0898_4,user_0898,29.0,2025-12-24,Active
TX_user_0899_0,user_0899,29.0,2025-12-29,Active
TX_user_0900_0,user_0900,299.0,2025-08-27,Active
TX_user_0900_1,user_0900,299.0,2025-09-26,Churned
TX_user_0901_0,user_0901,29.0,2025-10-01,Active
TX_user_0901_1,user_0901,29.0,2025-10-31,Active
TX_user_0901_2,user_0901,29.0,2025-11-30,Active
TX_user_0901_3,user_0901,29.0,2025-12-30,Active
TX_user_0902_0,user_0902,29.0,2025-10-21,Active
TX_user_0902_1,user_0902,29.0,2025-11-20,Active
TX_user_0902_2,user_0902,29.0,2025-12-20,Active
TX_user_0903_0,user_0903,29.0,2025-08-15,Churned
TX_user_0904_0,user_0904,29.0,2025-01-15,Active
TX_user_0904_1,user_0904,29.0,2025-02-14,Active
TX_user_0904_2,user_0904,29.0,2025-03-16,Active
TX_user_0904_3,user_0904,29.0,2025-04-15,Active
TX_user_0904_4,user_0904,29.0,2025-05-15,Active
TX_user_0904_5,user_0904,29.0,2025-06-14,Active
TX_user_0904_6,user_0904,29.0,2025-07-14,Active
TX_user_0904_7,user_0904,29.0,2025-08-13,Active
TX_user_0904_8,user_0904,29.0,2025-09-12,Active
TX_user_0904_9,user_0904,29.0,2025-10-12,Active
TX_user_0904_10,user_0904,29.0,2025-11-11,Active
TX_user_0904_11,user_0904,29.0,2025-12-11,Active
TX_user_0905_0,user_0905,29.0,2025-07-11,Active
TX_user_0905_1,user_0905,29.0,2025-08-10,Active
TX_user_0905_2,user_0905,29.0,2025-09-09,Active
TX_user_0905_3,user_0905,29.0,2025-10-09,Churned
TX_user_0906_0,user_0906,79.0,2025-04-29,Active
TX_user_0906_1,user_0906,79.0,2025-05-29,Active
TX_user_0906_2,user_0906,79.0,2025-06-28,Active
TX_user_0906_3,user_0906,79.0,2025-07-28,Active
TX_user_0906_4,user_0906,79.0,2025-08-27,Active
TX_user_0906_5,user_0906,79.0,2025-09-26,Active
TX_user_0906_6,user_0906,79.0,2025-10-26,Active
TX_user_0906_7,user_0906,79.0,2025-11-25,Active
TX_user_0906_8,user_0906,79.0,2025-12-25,Active
TX_user_0907_0,user_0907,29.0,2025-01-28,Active
TX_user_0907_1,user_0907,29.0,2025-02-27,Active
TX_user_0907_2,user_0907,29.0,2025-03-29,Active
TX_user_0907_3,user_0907,29.0,2025-04-28,Active
TX_user_0907_4,user_0907,29.0,2025-05-28,Active
TX_user_0907_5,user_0907,29.0,2025-06-27,Churned
TX_user_0908_0,user_0908,79.0,2025-07-21,Active
TX_user_0908_1,user_0908,79.0,2025-08-20,Active
TX_user_0908_2,user_0908,79.0,2025-09-19,Active
TX_user_0908_3,user_0908,79.0,2025-10-19,Active
TX_user_0908_4,user_0908,79.0,2025-11-18,Active
TX_user_0908_5,user_0908,79.0,2025-12-18,Active
TX_user_0909_0,user_0909,29.0,2025-02-08,Active
TX_user_0909_1,user_0909,29.0,2025-03-10,Active
TX_user_0909_2,user_0909,29.0,2025-04-09,Active
TX_user_0909_3,user_0909,29.0,2025-05-09,Active
TX_user_0909_4,user_0909,29.0,2025-06-08,Active
TX_user_0909_5,user_0909,29.0,2025-07-08,Active
TX_user_0909_6,user_0909,29.0,2025-08-07,Active
TX_user_0909_7,user_0909,29.0,2025-09-06,Active
TX_user_0909_8,user_0909,29.0,2025-10-06,Active
TX_user_0909_9,user_0909,29.0,2025-11-05,Active
TX_user_0909_10,user_0909,29.0,2025-12-05,Active
TX_user_0910_0,user_0910,79.0,2025-09-30,Active
TX_user_0910_1,user_0910,79.0,2025-10-30,Active
TX_user_0910_2,user_0910,79.0,2025-11-29,Active
TX_user_0910_3,user_0910,79.0,2025-12-29,Active
TX_user_0911_0,user_0911,299.0,2025-08-19,Active
TX_user_0911_1,user_0911,299.0,2025-09-18,Active
TX_user_0911_2,user_0911,299.0,2025-10-18,Active
TX_user_0911_3,user_0911,299.0,2025-11-17,Active
TX_user_0911_4,user_0911,299.0,2025-12-17,Active
TX_user_0912_0,user_0912,79.0,2025-03-27,Active
TX_user_0912_1,user_0912,79.0,2025-04-26,Active
TX_user_0912_2,user_0912,79.0,2025-05-26,Active
TX_user_0912_3,user_0912,79.0,2025-06-25,Active
TX_user_0912_4,user_0912,79.0,2025-07-25,Active
TX_user_0912_5,user_0912,79.0,2025-08-24,Active
TX_user_0912_6,user_0912,79.0,2025-09-23,Active
TX_user_0912_7,user_0912,79.0,2025-10-23,Active
TX_user_0912_8,user_0912,79.0,2025-11-22,Churned
TX_user_0913_0,user_0913,79.0,2025-05-06,Active
TX_user_0913_1,user_0913,79.0,2025-06-05,Active
TX_user_0913_2,user_0913,79.0,2025-07-05,Active
TX_user_0913_3,user_0913,79.0,2025-08-04,Active
TX_user_0913_4,user_0913,79.0,2025-09-03,Active
TX_user_0913_5,user_0913,79.0,2025-10-03,Active
TX_user_0913_6,user_0913,79.0,2025-11-02,Active
TX_user_0913_7,user_0913,79.0,2025-12-02,Active
TX_user_0914_0,user_0914,29.0,2025-10-27,Active
TX_user_0914_1,user_0914,29.0,2025-11-26,Active
TX_user_0914_2,user_0914,29.0,2025-12-26,Active
TX_user_0915_0,user_0915,29.0,2025-01-25,Active
TX_user_0915_1,user_0915,29.0,2025-02-24,Active
TX_user_0915_2,user_0915,29.0,2025-03-26,Active
TX_user_0915_3,user_0915,29.0,2025-04-25,Active
TX_user_0915_4,user_0915,29.0,2025-05-25,Active
TX_user_0915_5,user_0915,29.0,2025-06-24,Active
TX_user_0915_6,user_0915,29.0,2025-07-24,Active
TX_user_0915_7,user_0915,29.0,2025-08-23,Active
TX_user_0915_8,user_0915,29.0,2025-09-22,Active
TX_user_0915_9,user_0915,29.0,2025-10-22,Active
TX_user_0915_10,user_0915,29.0,2025-11-21,Active
TX_user_0915_11,user_0915,29.0,2025-12-21,Active
TX_user_0916_0,user_0916,79.0,2025-05-25,Active
TX_user_0916_1,user_0916,79.0,2025-06-24,Active
TX_user_0916_2,user_0916,79.0,2025-07-24,Active
TX_user_0916_3,user_0916,79.0,2025-08-23,Active
TX_user_0916_4,user_0916,79.0,2025-09-22,Active
TX_user_0916_5,user_0916,79.0,2025-10-22,Active
TX_user_0916_6,user_0916,79.0,2025-11-21,Active
TX_user_0916_7,user_0916,79.0,2025-12-21,Active
TX_user_0917_0,user_0917,299.0,2025-01-13,Active
TX_user_0917_1,user_0917,299.0,2025-02-12,Active
TX_user_0917_2,user_0917,299.0,2025-03-14,Active
TX_user_0917_3,user_0917,299.0,2025-04-13,Active
TX_user_0917_4,user_0917,299.0,2025-05-13,Active
TX_user_0917_5,user_0917,299.0,2025-06-12,Active
TX_user_0917_6,user_0917,299.0,2025-07-12,Active
TX_user_0917_7,user_0917,299.0,2025-08-11,Active
TX_user_0917_8,user_0917,299.0,2025-09-10,Active
TX_user_0917_9,user_0917,299.0,2025-10-10,Active
TX_user_0917_10,user_0917,299.0,2025-11-09,Active
TX_user_0917_11,user_0917,299.0,2025-12-09,Active
TX_user_0918_0,user_0918,79.0,2025-07-31,Active
TX_user_0918_1,user_0918,79.0,2025-08-30,Active
TX_user_0918_2,user_0918,79.0,2025-09-29,Active
TX_user_0918_3,user_0918,79.0,2025-10-29,Active
TX_user_0918_4,user_0918,79.0,2025-11-28,Active
TX_user_0918_5,user_0918,79.0,2025-12-28,Active
TX_user_0919_0,user_0919,79.0,2025-01-25,Active
TX_user_0919_1,user_0919,79.0,2025-02-24,Churned
TX_user_0920_0,user_0920,79.0,2025-03-09,Active
TX_user_0920_1,user_0920,79.0,2025-04-08,Active
TX_user_0920_2,user_0920,79.0,2025-05-08,Active
TX_user_0920_3,user_0920,79.0,2025-06-07,Active
TX_user_0920_4,user_0920,79.0,2025-07-07,Active
TX_user_0920_5,user_0920,79.0,2025-08-06,Active
TX_user_0920_6,user_0920,79.0,2025-09-05,Active
TX_user_0920_7,user_0920,79.0,2025-10-05,Active
TX_user_0920_8,user_0920,79.0,2025-11-04,Active
TX_user_0920_9,user_0920,79.0,2025-12-04,Active
TX_user_0921_0,user_0921,29.0,2025-03-08,Active
TX_user_0921_1,user_0921,29.0,2025-04-07,Active
TX_user_0921_2,user_0921,29.0,2025-05-07,Active
TX_user_0921_3,user_0921,29.0,2025-06-06,Active
TX_user_0921_4,user_0921,29.0,2025-07-06,Active
TX_user_0921_5,user_0921,29.0,2025-08-05,Active
TX_user_0921_6,user_0921,29.0,2025-09-04,Active
TX_user_0921_7,user_0921,29.0,2025-10-04,Active
TX_user_0921_8,user_0921,29.0,2025-11-03,Active
TX_user_0921_9,user_0921,29.0,2025-12-03,Active
TX_user_0922_0,user_0922,29.0,2025-08-21,Active
TX_user_0922_1,user_0922,29.0,2025-09-20,Active
TX_user_0922_2,user_0922,29.0,2025-10-20,Active
TX_user_0922_3,user_0922,29.0,2025-11-19,Active
TX_user_0922_4,user_0922,29.0,2025-12-19,Active
TX_user_0923_0,user_0923,79.0,2025-04-19,Active
TX_user_0923_1,user_0923,79.0,2025-05-19,Active
TX_user_0923_2,user_0923,79.0,2025-06-18,Active
TX_user_0923_3,user_0923,79.0,2025-07-18,Active
TX_user_0923_4,user_0923,79.0,2025-08-17,Active
TX_user_0923_5,user_0923,79.0,2025-09-16,Churned
TX_user_0924_0,user_0924,299.0,2025-05-26,Active
TX_user_0924_1,user_0924,299.0,2025-06-25,Active
TX_user_0924_2,user_0924,299.0,2025-07-25,Active
TX_user_0924_3,user_0924,299.0,2025-08-24,Active
TX_user_0924_4,user_0924,299.0,2025-09-23,Active
TX_user_0924_5,user_0924,299.0,2025-10-23,Active
TX_user_0924_6,user_0924,299.0,2025-11-22,Active
TX_user_0924_7,user_0924,299.0,2025-12-22,Active
TX_user_0925_0,user_0925,29.0,2025-04-21,Active
TX_user_0925_1,user_0925,29.0,2025-05-21,Active
TX_user_0925_2,user_0925,29.0,2025-06-20,Active
TX_user_0925_3,user_0925,29.0,2025-07-20,Active
TX_user_0925_4,user_0925,29.0,2025-08-19,Active
TX_user_0925_5,user_0925,29.0,2025-09-18,Active
TX_user_0925_6,user_0925,29.0,2025-10-18,Active
TX_user_0925_7,user_0925,29.0,2025-11-17,Active
TX_user_0925_8,user_0925,29.0,2025-12-17,Active
TX_user_0926_0,user_0926,79.0,2025-08-16,Active
TX_user_0926_1,user_0926,79.0,2025-09-15,Active
TX_user_0926_2,user_0926,79.0,2025-10-15,Active
TX_user_0926_3,user_0926,79.0,2025-11-14,Active
TX_user_0926_4,user_0926,79.0,2025-12-14,Active
TX_user_0927_0,user_0927,29.0,2025-04-21,Active
TX_user_0927_1,user_0927,29.0,2025-05-21,Active
TX_user_0927_2,user_0927,29.0,2025-06-20,Active
TX_user_0927_3,user_0927,29.0,2025-07-20,Active
TX_user_0927_4,user_0927,29.0,2025-08-19,Active
TX_user_0927_5,user_0927,29.0,2025-09-18,Active
TX_user_0927_6,user_0927,29.0,2025-10-18,Active
TX_user_0927_7,user_0927,29.0,2025-11-17,Active
TX_user_0927_8,user_0927,29.0,2025-12-17,Active
TX_user_0928_0,user_0928,79.0,2025-02-03,Active
TX_user_0928_1,user_0928,79.0,2025-03-05,Active
TX_user_0928_2,user_0928,79.0,2025-04-04,Active
TX_user_0928_3,user_0928,79.0,2025-05-04,Active
TX_user_0928_4,user_0928,79.0,2025-06-03,Active
TX_user_0928_5,user_0928,79.0,2025-07-03,Active
TX_user_0928_6,user_0928,79.0,2025-08-02,Churned
TX_user_0929_0,user_0929,29.0,2025-04-21,Active
TX_user_0929_1,user_0929,29.0,2025-05-21,Active
TX_user_0929_2,user_0929,29.0,2025-06-20,Active
TX_user_0929_3,user_0929,29.0,2025-07-20,Active
TX_user_0929_4,user_0929,29.0,2025-08-19,Active
TX_user_0929_5,user_0929,29.0,2025-09-18,Active
TX_user_0929_6,user_0929,29.0,2025-10-18,Active
TX_user_0929_7,user_0929,29.0,2025-11-17,Active
TX_user_0929_8,user_0929,29.0,2025-12-17,Active
TX_user_0930_0,user_0930,29.0,2025-09-21,Active
TX_user_0930_1,user_0930,29.0,2025-10-21,Active
TX_user_0930_2,user_0930,29.0,2025-11-20,Active
TX_user_0930_3,user_0930,29.0,2025-12-20,Active
TX_user_0931_0,user_0931,79.0,2025-08-24,Active
TX_user_0931_1,user_0931,79.0,2025-09-23,Active
TX_user_0931_2,user_0931,79.0,2025-10-23,Active
TX_user_0931_3,user_0931,79.0,2025-11-22,Active
TX_user_0931_4,user_0931,79.0,2025-12-22,Active
TX_user_0932_0,user_0932,29.0,2025-03-24,Active
TX_user_0932_1,user_0932,29.0,2025-04-23,Active
TX_user_0932_2,user_0932,29.0,2025-05-23,Active
TX_user_0932_3,user_0932,29.0,2025-06-22,Active
TX_user_0932_4,user_0932,29.0,2025-07-22,Active
TX_user_0932_5,user_0932,29.0,2025-08-21,Active
TX_user_0932_6,user_0932,29.0,2025-09-20,Active
TX_user_0932_7,user_0932,29.0,2025-10-20,Active
TX_user_0932_8,user_0932,29.0,2025-11-19,Active
TX_user_0932_9,user_0932,29.0,2025-12-19,Active
TX_user_0933_0,user_0933,79.0,2025-02-11,Active
TX_user_0933_1,user_0933,79.0,2025-03-13,Active
TX_user_0933_2,user_0933,79.0,2025-04-12,Active
TX_user_0933_3,user_0933,79.0,2025-05-12,Active
TX_user_0933_4,user_0933,79.0,2025-06-11,Active
TX_user_0933_5,user_0933,79.0,2025-07-11,Active
TX_user_0933_6,user_0933,79.0,2025-08-10,Active
TX_user_0933_7,user_0933,79.0,2025-09-09,Active
TX_user_0933_8,user_0933,79.0,2025-10-09,Active
TX_user_0933_9,user_0933,79.0,2025-11-08,Active
TX_user_0933_10,user_0933,79.0,2025-12-08,Active
TX_user_0934_0,user_0934,79.0,2025-04-11,Active
TX_user_0934_1,user_0934,79.0,2025-05-11,Active
TX_user_0934_2,user_0934,79.0,2025-06-10,Active
TX_user_0934_3,user_0934,79.0,2025-07-10,Active
TX_user_0934_4,user_0934,79.0,2025-08-09,Active
TX_user_0934_5,user_0934,79.0,2025-09-08,Active
TX_user_0934_6,user_0934,79.0,2025-10-08,Active
TX_user_0934_7,user_0934,79.0,2025-11-07,Active
TX_user_0934_8,user_0934,79.0,2025-12-07,Active
TX_user_0935_0,user_0935,299.0,2025-01-06,Active
TX_user_0935_1,user_0935,299.0,2025-02-05,Active
TX_user_0935_2,user_0935,299.0,2025-03-07,Active
TX_user_0935_3,user_0935,299.0,2025-04-06,Active
TX_user_0935_4,user_0935,299.0,2025-05-06,Active
TX_user_0935_5,user_0935,299.0,2025-06-05,Active
TX_user_0935_6,user_0935,299.0,2025-07-05,Active
TX_user_0935_7,user_0935,299.0,2025-08-04,Active
TX_user_0935_8,user_0935,299.0,2025-09-03,Active
TX_user_0935_9,user_0935,299.0,2025-10-03,Active
TX_user_0935_10,user_0935,299.0,2025-11-02,Active
TX_user_0935_11,user_0935,299.0,2025-12-02,Active
TX_user_0936_0,user_0936,29.0,2025-06-29,Active
TX_user_0936_1,user_0936,29.0,2025-07-29,Active
TX_user_0936_2,user_0936,29.0,2025-08-28,Active
TX_user_0936_3,user_0936,29.0,2025-09-27,Active
TX_user_0936_4,user_0936,29.0,2025-10-27,Active
TX_user_0936_5,user_0936,29.0,2025-11-26,Active
TX_user_0936_6,user_0936,29.0,2025-12-26,Active
TX_user_0937_0,user_0937,29.0,2025-10-09,Active
TX_user_0937_1,user_0937,29.0,2025-11-08,Active
TX_user_0937_2,user_0937,29.0,2025-12-08,Active
TX_user_0938_0,user_0938,29.0,2025-11-16,Active
TX_user_0938_1,user_0938,29.0,2025-12-16,Active
TX_user_0939_0,user_0939,299.0,2025-08-14,Active
TX_user_0939_1,user_0939,299.0,2025-09-13,Active
TX_user_0939_2,user_0939,299.0,2025-10-13,Active
TX_user_0939_3,user_0939,299.0,2025-11-12,Active
TX_user_0939_4,user_0939,299.0,2025-12-12,Active
TX_user_0940_0,user_0940,299.0,2025-11-11,Active
TX_user_0940_1,user_0940,299.0,2025-12-11,Active
TX_user_0941_0,user_0941,79.0,2025-12-31,Active
TX_user_0942_0,user_0942,79.0,2025-08-17,Active
TX_user_0942_1,user_0942,79.0,2025-09-16,Active
TX_user_0942_2,user_0942,79.0,2025-10-16,Active
TX_user_0942_3,user_0942,79.0,2025-11-15,Active
TX_user_0942_4,user_0942,79.0,2025-12-15,Active
TX_user_0943_0,user_0943,79.0,2025-10-16,Active
TX_user_0943_1,user_0943,79.0,2025-11-15,Churned
TX_user_0944_0,user_0944,79.0,2025-05-30,Active
TX_user_0944_1,user_0944,79.0,2025-06-29,Active
TX_user_0944_2,user_0944,79.0,2025-07-29,Active
TX_user_0944_3,user_0944,79.0,2025-08-28,Active
TX_user_0944_4,user_0944,79.0,2025-09-27,Active
TX_user_0944_5,user_0944,79.0,2025-10-27,Active
TX_user_0944_6,user_0944,79.0,2025-11-26,Active
TX_user_0944_7,user_0944,79.0,2025-12-26,Active
TX_user_0945_0,user_0945,29.0,2025-10-04,Active
TX_user_0945_1,user_0945,29.0,2025-11-03,Active
TX_user_0945_2,user_0945,29.0,2025-12-03,Active
TX_user_0946_0,user_0946,79.0,2025-07-17,Active
TX_user_0946_1,user_0946,79.0,2025-08-16,Active
TX_user_0946_2,user_0946,79.0,2025-09-15,Active
TX_user_0946_3,user_0946,79.0,2025-10-15,Active
TX_user_0946_4,user_0946,79.0,2025-11-14,Active
TX_user_0946_5,user_0946,79.0,2025-12-14,Active
TX_user_0947_0,user_0947,29.0,2025-03-11,Active
TX_user_0947_1,user_0947,29.0,2025-04-10,Active
TX_user_0947_2,user_0947,29.0,2025-05-10,Active
TX_user_0947_3,user_0947,29.0,2025-06-09,Active
TX_user_0947_4,user_0947,29.0,2025-07-09,Active
TX_user_0947_5,user_0947,29.0,2025-08-08,Active
TX_user_0947_6,user_0947,29.0,2025-09-07,Active
TX_user_0947_7,user_0947,29.0,2025-10-07,Active
TX_user_0947_8,user_0947,29.0,2025-11-06,Active
TX_user_0947_9,user_0947,29.0,2025-12-06,Active
TX_user_0948_0,user_0948,79.0,2025-04-22,Active
TX_user_0948_1,user_0948,79.0,2025-05-22,Active
TX_user_0948_2,user_0948,79.0,2025-06-21,Active
TX_user_0948_3,user_0948,79.0,2025-07-21,Active
TX_user_0948_4,user_0948,79.0,2025-08-20,Active
TX_user_0948_5,user_0948,79.0,2025-09-19,Active
TX_user_0948_6,user_0948,79.0,2025-10-19,Active
TX_user_0948_7,user_0948,79.0,2025-11-18,Churned
TX_user_0949_0,user_0949,79.0,2025-01-04,Active
TX_user_0949_1,user_0949,79.0,2025-02-03,Active
TX_user_0949_2,user_0949,79.0,2025-03-05,Active
TX_user_0949_3,user_0949,79.0,2025-04-04,Active
TX_user_0949_4,user_0949,79.0,2025-05-04,Active
TX_user_0949_5,user_0949,79.0,2025-06-03,Active
TX_user_0949_6,user_0949,79.0,2025-07-03,Active
TX_user_0949_7,user_0949,79.0,2025-08-02,Active
TX_user_0949_8,user_0949,79.0,2025-09-01,Active
TX_user_0949_9,user_0949,79.0,2025-10-01,Active
TX_user_0949_10,user_0949,79.0,2025-10-31,Active
TX_user_0949_11,user_0949,79.0,2025-11-30,Active
TX_user_0950_0,user_0950,79.0,2025-12-16,Active
TX_user_0951_0,user_0951,29.0,2025-11-27,Active
TX_user_0951_1,user_0951,29.0,2025-12-27,Active
TX_user_0952_0,user_0952,29.0,2025-11-14,Active
TX_user_0952_1,user_0952,29.0,2025-12-14,Active
TX_user_0953_0,user_0953,29.0,2025-12-16,Active
TX_user_0954_0,user_0954,29.0,2025-04-05,Active
TX_user_0954_1,user_0954,29.0,2025-05-05,Active
TX_user_0954_2,user_0954,29.0,2025-06-04,Active
TX_user_0954_3,user_0954,29.0,2025-07-04,Active
TX_user_0954_4,user_0954,29.0,2025-08-03,Active
TX_user_0954_5,user_0954,29.0,2025-09-02,Active
TX_user_0954_6,user_0954,29.0,2025-10-02,Active
TX_user_0954_7,user_0954,29.0,2025-11-01,Active
TX_user_0954_8,user_0954,29.0,2025-12-01,Active
TX_user_0954_9,user_0954,29.0,2025-12-31,Active
TX_user_0955_0,user_0955,29.0,2025-06-01,Active
TX_user_0955_1,user_0955,29.0,2025-07-01,Active
TX_user_0955_2,user_0955,29.0,2025-07-31,Active
TX_user_0955_3,user_0955,29.0,2025-08-30,Active
TX_user_0955_4,user_0955,29.0,2025-09-29,Active
TX_user_0955_5,user_0955,29.0,2025-10-29,Active
TX_user_0955_6,user_0955,29.0,2025-11-28,Active
TX_user_0955_7,user_0955,29.0,2025-12-28,Active
TX_user_0956_0,user_0956,299.0,2025-11-07,Active
TX_user_0956_1,user_0956,299.0,2025-12-07,Active
TX_user_0957_0,user_0957,79.0,2025-05-17,Active
TX_user_0957_1,user_0957,79.0,2025-06-16,Active
TX_user_0957_2,user_0957,79.0,2025-07-16,Active
TX_user_0957_3,user_0957,79.0,2025-08-15,Active
TX_user_0957_4,user_0957,79.0,2025-09-14,Active
TX_user_0957_5,user_0957,79.0,2025-10-14,Active
TX_user_0957_6,user_0957,79.0,2025-11-13,Active
TX_user_0957_7,user_0957,79.0,2025-12-13,Active
TX_user_0958_0,user_0958,29.0,2025-09-04,Active
TX_user_0958_1,user_0958,29.0,2025-10-04,Active
TX_user_0958_2,user_0958,29.0,2025-11-03,Active
TX_user_0958_3,user_0958,29.0,2025-12-03,Active
TX_user_0959_0,user_0959,29.0,2025-08-31,Active
TX_user_0959_1,user_0959,29.0,2025-09-30,Active
TX_user_0959_2,user_0959,29.0,2025-10-30,Active
TX_user_0959_3,user_0959,29.0,2025-11-29,Active
TX_user_0959_4,user_0959,29.0,2025-12-29,Active
TX_user_0960_0,user_0960,29.0,2025-01-31,Active
TX_user_0960_1,user_0960,29.0,2025-03-02,Active
TX_user_0960_2,user_0960,29.0,2025-04-01,Active
TX_user_0960_3,user_0960,29.0,2025-05-01,Active
TX_user_0960_4,user_0960,29.0,2025-05-31,Active
TX_user_0960_5,user_0960,29.0,2025-06-30,Active
TX_user_0960_6,user_0960,29.0,2025-07-30,Active
TX_user_0960_7,user_0960,29.0,2025-08-29,Active
TX_user_0960_8,user_0960,29.0,2025-09-28,Active
TX_user_0960_9,user_0960,29.0,2025-10-28,Active
TX_user_0960_10,user_0960,29.0,2025-11-27,Active
TX_user_0960_11,user_0960,29.0,2025-12-27,Active
TX_user_0961_0,user_0961,79.0,2025-02-09,Active
TX_user_0961_1,user_0961,79.0,2025-03-11,Churned
TX_user_0962_0,user_0962,79.0,2025-08-17,Active
TX_user_0962_1,user_0962,79.0,2025-09-16,Active
TX_user_0962_2,user_0962,79.0,2025-10-16,Active
TX_user_0962_3,user_0962,79.0,2025-11-15,Active
TX_user_0962_4,user_0962,79.0,2025-12-15,Active
TX_user_0963_0,user_0963,299.0,2025-02-05,Active
TX_user_0963_1,user_0963,299.0,2025-03-07,Active
TX_user_0963_2,user_0963,299.0,2025-04-06,Active
TX_user_0963_3,user_0963,299.0,2025-05-06,Active
TX_user_0963_4,user_0963,299.0,2025-06-05,Active
TX_user_0963_5,user_0963,299.0,2025-07-05,Active
TX_user_0963_6,user_0963,299.0,2025-08-04,Active
TX_user_0963_7,user_0963,299.0,2025-09-03,Active
TX_user_0963_8,user_0963,299.0,2025-10-03,Active
TX_user_0963_9,user_0963,299.0,2025-11-02,Active
TX_user_0963_10,user_0963,299.0,2025-12-02,Active
TX_user_0964_0,user_0964,29.0,2025-08-11,Active
TX_user_0964_1,user_0964,29.0,2025-09-10,Active
TX_user_0964_2,user_0964,29.0,2025-10-10,Active
TX_user_0964_3,user_0964,29.0,2025-11-09,Active
TX_user_0964_4,user_0964,29.0,2025-12-09,Active
TX_user_0965_0,user_0965,299.0,2025-01-06,Active
TX_user_0965_1,user_0965,299.0,2025-02-05,Active
TX_user_0965_2,user_0965,299.0,2025-03-07,Active
TX_user_0965_3,user_0965,299.0,2025-04-06,Active
TX_user_0965_4,user_0965,299.0,2025-05-06,Churned
TX_user_0966_0,user_0966,299.0,2025-11-18,Active
TX_user_0966_1,user_0966,299.0,2025-12-18,Active
TX_user_0967_0,user_0967,29.0,2025-08-08,Churned
TX_user_0968_0,user_0968,299.0,2025-03-16,Active
TX_user_0968_1,user_0968,299.0,2025-04-15,Active
TX_user_0968_2,user_0968,299.0,2025-05-15,Active
TX_user_0968_3,user_0968,299.0,2025-06-14,Active
TX_user_0968_4,user_0968,299.0,2025-07-14,Active
TX_user_0968_5,user_0968,299.0,2025-08-13,Active
TX_user_0968_6,user_0968,299.0,2025-09-12,Active
TX_user_0968_7,user_0968,299.0,2025-10-12,Active
TX_user_0968_8,user_0968,299.0,2025-11-11,Active
TX_user_0968_9,user_0968,299.0,2025-12-11,Active
TX_user_0969_0,user_0969,29.0,2025-01-04,Active
TX_user_0969_1,user_0969,29.0,2025-02-03,Active
TX_user_0969_2,user_0969,29.0,2025-03-05,Active
TX_user_0969_3,user_0969,29.0,2025-04-04,Active
TX_user_0969_4,user_0969,29.0,2025-05-04,Active
TX_user_0969_5,user_0969,29.0,2025-06-03,Active
TX_user_0969_6,user_0969,29.0,2025-07-03,Active
TX_user_0969_7,user_0969,29.0,2025-08-02,Active
TX_user_0969_8,user_0969,29.0,2025-09-01,Active
TX_user_0969_9,user_0969,29.0,2025-10-01,Active
TX_user_0969_10,user_0969,29.0,2025-10-31,Active
TX_user_0969_11,user_0969,29.0,2025-11-30,Active
TX_user_0970_0,user_0970,79.0,2025-12-01,Active
TX_user_0970_1,user_0970,79.0,2025-12-31,Active
TX_user_0971_0,user_0971,29.0,2025-05-14,Active
TX_user_0971_1,user_0971,29.0,2025-06-13,Active
TX_user_0971_2,user_0971,29.0,2025-07-13,Active
TX_user_0971_3,user_0971,29.0,2025-08-12,Active
TX_user_0971_4,user_0971,29.0,2025-09-11,Active
TX_user_0971_5,user_0971,29.0,2025-10-11,Active
TX_user_0971_6,user_0971,29.0,2025-11-10,Active
TX_user_0971_7,user_0971,29.0,2025-12-10,Active
TX_user_0972_0,user_0972,299.0,2025-04-28,Active
TX_user_0972_1,user_0972,299.0,2025-05-28,Active
TX_user_0972_2,user_0972,299.0,2025-06-27,Churned
TX_user_0973_0,user_0973,299.0,2025-04-04,Active
TX_user_0973_1,user_0973,299.0,2025-05-04,Active
TX_user_0973_2,user_0973,299.0,2025-06-03,Active
TX_user_0973_3,user_0973,299.0,2025-07-03,Active
TX_user_0973_4,user_0973,299.0,2025-08-02,Active
TX_user_0973_5,user_0973,299.0,2025-09-01,Active
TX_user_0973_6,user_0973,299.0,2025-10-01,Active
TX_user_0973_7,user_0973,299.0,2025-10-31,Active
TX_user_0973_8,user_0973,299.0,2025-11-30,Active
TX_user_0973_9,user_0973,299.0,2025-12-30,Active
TX_user_0974_0,user_0974,79.0,2025-03-03,Active
TX_user_0974_1,user_0974,79.0,2025-04-02,Active
TX_user_0974_2,user_0974,79.0,2025-05-02,Active
TX_user_0974_3,user_0974,79.0,2025-06-01,Active
TX_user_0974_4,user_0974,79.0,2025-07-01,Active
TX_user_0974_5,user_0974,79.0,2025-07-31,Active
TX_user_0974_6,user_0974,79.0,2025-08-30,Active
TX_user_0974_7,user_0974,79.0,2025-09-29,Active
TX_user_0974_8,user_0974,79.0,2025-10-29,Active
TX_user_0974_9,user_0974,79.0,2025-11-28,Active
TX_user_0974_10,user_0974,79.0,2025-12-28,Active
TX_user_0975_0,user_0975,79.0,2025-07-13,Active
TX_user_0975_1,user_0975,79.0,2025-08-12,Active
TX_user_0975_2,user_0975,79.0,2025-09-11,Active
TX_user_0975_3,user_0975,79.0,2025-10-11,Active
TX_user_0975_4,user_0975,79.0,2025-11-10,Active
TX_user_0975_5,user_0975,79.0,2025-12-10,Active
TX_user_0976_0,user_0976,29.0,2025-12-01,Active
TX_user_0976_1,user_0976,29.0,2025-12-31,Active
TX_user_0977_0,user_0977,29.0,2025-07-22,Active
TX_user_0977_1,user_0977,29.0,2025-08-21,Active
TX_user_0977_2,user_0977,29.0,2025-09-20,Active
TX_user_0977_3,user_0977,29.0,2025-10-20,Active
TX_user_0977_4,user_0977,29.0,2025-11-19,Active
TX_user_0977_5,user_0977,29.0,2025-12-19,Active
TX_user_0978_0,user_0978,29.0,2025-01-26,Active
TX_user_0978_1,user_0978,29.0,2025-02-25,Active
TX_user_0978_2,user_0978,29.0,2025-03-27,Active
TX_user_0978_3,user_0978,29.0,2025-04-26,Active
TX_user_0978_4,user_0978,29.0,2025-05-26,Active
TX_user_0978_5,user_0978,29.0,2025-06-25,Active
TX_user_0978_6,user_0978,29.0,2025-07-25,Active
TX_user_0978_7,user_0978,29.0,2025-08-24,Active
TX_user_0978_8,user_0978,29.0,2025-09-23,Active
TX_user_0978_9,user_0978,29.0,2025-10-23,Active
TX_user_0978_10,user_0978,29.0,2025-11-22,Active
TX_user_0978_11,user_0978,29.0,2025-12-22,Active
TX_user_0979_0,user_0979,29.0,2025-06-22,Active
TX_user_0979_1,user_0979,29.0,2025-07-22,Active
TX_user_0979_2,user_0979,29.0,2025-08-21,Active
TX_user_0979_3,user_0979,29.0,2025-09-20,Active
TX_user_0979_4,user_0979,29.0,2025-10-20,Active
TX_user_0979_5,user_0979,29.0,2025-11-19,Active
TX_user_0979_6,user_0979,29.0,2025-12-19,Active
TX_user_0980_0,user_0980,79.0,2025-10-27,Active
TX_user_0980_1,user_0980,79.0,2025-11-26,Active
TX_user_0980_2,user_0980,79.0,2025-12-26,Active
TX_user_0981_0,user_0981,29.0,2025-05-13,Active
TX_user_0981_1,user_0981,29.0,2025-06-12,Active
TX_user_0981_2,user_0981,29.0,2025-07-12,Active
TX_user_0981_3,user_0981,29.0,2025-08-11,Active
TX_user_0981_4,user_0981,29.0,2025-09-10,Active
TX_user_0981_5,user_0981,29.0,2025-10-10,Active
TX_user_0981_6,user_0981,29.0,2025-11-09,Active
TX_user_0981_7,user_0981,29.0,2025-12-09,Active
TX_user_0982_0,user_0982,299.0,2025-11-22,Active
TX_user_0982_1,user_0982,299.0,2025-12-22,Active
TX_user_0983_0,user_0983,79.0,2025-04-28,Active
TX_user_0983_1,user_0983,79.0,2025-05-28,Active
TX_user_0983_2,user_0983,79.0,2025-06-27,Active
TX_user_0983_3,user_0983,79.0,2025-07-27,Active
TX_user_0983_4,user_0983,79.0,2025-08-26,Active
TX_user_0983_5,user_0983,79.0,2025-09-25,Active
TX_user_0983_6,user_0983,79.0,2025-10-25,Active
TX_user_0983_7,user_0983,79.0,2025-11-24,Active
TX_user_0983_8,user_0983,79.0,2025-12-24,Active
TX_user_0984_0,user_0984,79.0,2025-11-20,Active
TX_user_0984_1,user_0984,79.0,2025-12-20,Active
TX_user_0985_0,user_0985,29.0,2025-10-02,Active
TX_user_0985_1,user_0985,29.0,2025-11-01,Active
TX_user_0985_2,user_0985,29.0,2025-12-01,Active
TX_user_0985_3,user_0985,29.0,2025-12-31,Active
TX_user_0986_0,user_0986,299.0,2025-07-31,Active
TX_user_0986_1,user_0986,299.0,2025-08-30,Active
TX_user_0986_2,user_0986,299.0,2025-09-29,Active
TX_user_0986_3,user_0986,299.0,2025-10-29,Active
TX_user_0986_4,user_0986,299.0,2025-11-28,Active
TX_user_0986_5,user_0986,299.0,2025-12-28,Active
TX_user_0987_0,user_0987,299.0,2025-08-13,Active
TX_user_0987_1,user_0987,299.0,2025-09-12,Active
TX_user_0987_2,user_0987,299.0,2025-10-12,Active
TX_user_0987_3,user_0987,299.0,2025-11-11,Active
TX_user_0987_4,user_0987,299.0,2025-12-11,Active
TX_user_0988_0,user_0988,29.0,2025-01-20,Active
TX_user_0988_1,user_0988,29.0,2025-02-19,Active
TX_user_0988_2,user_0988,29.0,2025-03-21,Active
TX_user_0988_3,user_0988,29.0,2025-04-20,Active
TX_user_0988_4,user_0988,29.0,2025-05-20,Active
TX_user_0988_5,user_0988,29.0,2025-06-19,Active
TX_user_0988_6,user_0988,29.0,2025-07-19,Active
TX_user_0988_7,user_0988,29.0,2025-08-18,Active
TX_user_0988_8,user_0988,29.0,2025-09-17,Active
TX_user_0988_9,user_0988,29.0,2025-10-17,Active
TX_user_0988_10,user_0988,29.0,2025-11-16,Active
TX_user_0988_11,user_0988,29.0,2025-12-16,Active
TX_user_0989_0,user_0989,79.0,2025-04-23,Active
TX_user_0989_1,user_0989,79.0,2025-05-23,Active
TX_user_0989_2,user_0989,79.0,2025-06-22,Active
TX_user_0989_3,user_0989,79.0,2025-07-22,Active
TX_user_0989_4,user_0989,79.0,2025-08-21,Active
TX_user_0989_5,user_0989,79.0,2025-09-20,Active
TX_user_0989_6,user_0989,79.0,2025-10-20,Active
TX_user_0989_7,user_0989,79.0,2025-11-19,Active
TX_user_0989_8,user_0989,79.0,2025-12-19,Active
TX_user_0990_0,user_0990,79.0,2025-05-20,Active
TX_user_0990_1,user_0990,79.0,2025-06-19,Active
TX_user_0990_2,user_0990,79.0,2025-07-19,Active
TX_user_0990_3,user_0990,79.0,2025-08-18,Active
TX_user_0990_4,user_0990,79.0,2025-09-17,Active
TX_user_0990_5,user_0990,79.0,2025-10-17,Active
TX_user_0990_6,user_0990,79.0,2025-11-16,Active
TX_user_0990_7,user_0990,79.0,2025-12-16,Active
TX_user_0991_0,user_0991,29.0,2025-02-16,Active
TX_user_0991_1,user_0991,29.0,2025-03-18,Active
TX_user_0991_2,user_0991,29.0,2025-04-17,Active
TX_user_0991_3,user_0991,29.0,2025-05-17,Active
TX_user_0991_4,user_0991,29.0,2025-06-16,Active
TX_user_0991_5,user_0991,29.0,2025-07-16,Active
TX_user_0991_6,user_0991,29.0,2025-08-15,Active
TX_user_0991_7,user_0991,29.0,2025-09-14,Active
TX_user_0991_8,user_0991,29.0,2025-10-14,Active
TX_user_0991_9,user_0991,29.0,2025-11-13,Active
TX_user_0991_10,user_0991,29.0,2025-12-13,Active
TX_user_0992_0,user_0992,79.0,2025-01-01,Active
TX_user_0992_1,user_0992,79.0,2025-01-31,Active
TX_user_0992_2,user_0992,79.0,2025-03-02,Active
TX_user_0992_3,user_0992,79.0,2025-04-01,Active
TX_user_0992_4,user_0992,79.0,2025-05-01,Active
TX_user_0992_5,user_0992,79.0,2025-05-31,Active
TX_user_0992_6,user_0992,79.0,2025-06-30,Active
TX_user_0992_7,user_0992,79.0,2025-07-30,Active
TX_user_0992_8,user_0992,79.0,2025-08-29,Churned
TX_user_0993_0,user_0993,29.0,2025-03-31,Active
TX_user_0993_1,user_0993,29.0,2025-04-30,Active
TX_user_0993_2,user_0993,29.0,2025-05-30,Active
TX_user_0993_3,user_0993,29.0,2025-06-29,Active
TX_user_0993_4,user_0993,29.0,2025-07-29,Active
TX_user_0993_5,user_0993,29.0,2025-08-28,Active
TX_user_0993_6,user_0993,29.0,2025-09-27,Active
TX_user_0993_7,user_0993,29.0,2025-10-27,Active
TX_user_0993_8,user_0993,29.0,2025-11-26,Active
TX_user_0993_9,user_0993,29.0,2025-12-26,Active
TX_user_0994_0,user_0994,29.0,2025-05-22,Active
TX_user_0994_1,user_0994,29.0,2025-06-21,Active
TX_user_0994_2,user_0994,29.0,2025-07-21,Active
TX_user_0994_3,user_0994,29.0,2025-08-20,Active
TX_user_0994_4,user_0994,29.0,2025-09-19,Active
TX_user_0994_5,user_0994,29.0,2025-10-19,Active
TX_user_0994_6,user_0994,29.0,2025-11-18,Active
TX_user_0994_7,user_0994,29.0,2025-12-18,Active
TX_user_0995_0,user_0995,29.0,2025-11-16,Active
TX_user_0995_1,user_0995,29.0,2025-12-16,Active
TX_user_0996_0,user_0996,29.0,2025-02-07,Active
TX_user_0996_1,user_0996,29.0,2025-03-09,Active
TX_user_0996_2,user_0996,29.0,2025-04-08,Active
TX_user_0996_3,user_0996,29.0,2025-05-08,Active
TX_user_0996_4,user_0996,29.0,2025-06-07,Active
TX_user_0996_5,user_0996,29.0,2025-07-07,Churned
TX_user_0997_0,user_0997,29.0,2025-10-20,Active
TX_user_0997_1,user_0997,29.0,2025-11-19,Active
TX_user_0997_2,user_0997,29.0,2025-12-19,Active
TX_user_0998_0,user_0998,29.0,2025-05-19,Active
TX_user_0998_1,user_0998,29.0,2025-06-18,Active
TX_user_0998_2,user_0998,29.0,2025-07-18,Active
TX_user_0998_3,user_0998,29.0,2025-08-17,Active
TX_user_0998_4,user_0998,29.0,2025-09-16,Active
TX_user_0998_5,user_0998,29.0,2025-10-16,Active
TX_user_0998_6,user_0998,29.0,2025-11-15,Active
TX_user_0998_7,user_0998,29.0,2025-12-15,Active
TX_user_0999_0,user_0999,299.0,2025-12-22,Active
TX_user_1000_0,user_1000,79.0,2025-11-29,Active
TX_user_1000_1,user_1000,79.0,2025-12-29,Active
